Tissue,Line,Harvest,Treatment,Mg AVG,Mg SE,P AVG,P SE,S AVG,S SE,Ca AVG,Ca SE,Mn AVG,Mn SE,Fe AVG,Fe SE,Co AVG,Co SE,Ni AVG,Ni SE,Cu AVG,Cu SE,Zn AVG,Zn SE,Cd AVG,Cd SE
1_Root,1_Line 546,1_Vegetative,1_c0z2,1327.338754,68.62387955,4064.475579,301.1919348,4129.602485,504.7160319,1042.468198,169.129807,23.69021817,4.819950407,2696.502433,989.3596838,8.857606929,4.448380645,15.25609057,3.783072528,107.1929454,9.067028636,80.44685588,12.54534215,10.14397733,4.414551271
1_Root,2_Line 667,1_Vegetative,1_c0z2,1306.836995,112.5876136,3083.71729,260.9083222,5288.589097,780.5027591,603.2655668,59.36796146,14.91530425,1.285778974,773.11927,82.99539469,1.216162561,0.386276087,8.652348379,0.318933045,84.1548814,4.244182607,55.95709533,2.192340768,20.27894215,5.735290271
1_Root,3_Line 428,1_Vegetative,1_c0z2,1294.53154,62.68995362,4976.570193,703.7319009,3928.019353,676.6510137,821.3328945,180.5756926,23.01810786,10.49223022,759.8810684,4.863685915,5.653864486,1.982479618,11.39934392,1.960732291,109.3560891,16.94324496,69.1578999,10.06629356,11.18792128,3.662814554
1_Root,1_Line 546,2_Anthesis,1_c0z2,6078.780155,1498.476321,29949.79436,5012.168734,12631.8642,1790.006082,7992.441115,1467.610203,18.00353525,2.894811152,1208.775805,239.3675132,8.131964,2.772460779,8.693056062,1.73327119,31.40988178,6.467063409,43.32686344,3.307346813,0.059152525,0.020247695
1_Root,2_Line 667,2_Anthesis,1_c0z2,2065.895272,208.9023819,28294.40467,4611.20604,7846.054218,904.2923628,7831.773909,1426.088502,9.5136105,1.803098335,675.0961209,130.7682228,2.12026875,0.329478766,5.99745471,0.647207724,35.20369173,5.205529527,59.21878479,4.516961809,0.193426468,0.031580934
1_Root,3_Line 428,2_Anthesis,1_c0z2,3603.967909,704.7884401,73336.35941,14092.11751,3179.351494,128.3038363,26027.48266,3433.449179,21.5406,4.582329638,2940.213259,224.6926342,11.7628938,0.946352755,23.98893422,5.66265272,43.66674003,5.601821455,71.02340627,13.2094422,0.208907196,0.050789687
1_Root,1_Line 546,3_2WAA,1_c0z2,7099.749131,2460.197318,59317.47338,20681.73873,11519.32908,15.61489821,12863.01285,5642.801865,27.04065007,12.63819636,1263.613737,477.5745281,7.961531724,1.22396889,18.01225117,2.634351071,82.45416901,4.690212664,82.72395771,10.52733247,0.201452042,0.038580398
1_Root,2_Line 667,3_2WAA,1_c0z2,2339.398636,368.6235599,44884.63617,7976.596523,5786.881599,1220.64028,13429.08661,2422.184261,24.92706917,6.320574589,1417.40676,306.1632052,5.22634046,1.348942845,5.025050382,0.524755039,33.56707149,2.671537896,71.79183032,10.1555365,0.203723912,0.063857783
1_Root,3_Line 428,3_2WAA,1_c0z2,4048.07459,537.9807432,41333.037,8662.488598,10062.57521,1093.712466,12597.09671,2642.345182,16.9616385,3.231235346,1167.569375,112.9760123,6.203995283,0.815193615,9.1858916,1.127368572,89.46962275,6.017333461,151.0408386,24.3383668,0.285179234,0.031602906
1_Root,1_Line 546,4_4WAA,1_c0z2,4292.032376,1291.363286,33533.7803,6735.86963,5872.842691,1229.484049,19464.95651,7969.332683,36.6751061,3.943655226,2042.880413,788.0909061,9.300899526,1.962043246,12.14688493,0.426042432,184.4249818,55.35072976,129.406332,20.57547615,0.644410357,0.091685061
1_Root,2_Line 667,4_4WAA,1_c0z2,2887.676501,184.6093167,44652.45172,6357.060066,5085.933435,499.2047027,12602.97208,1951.989257,17.9926452,3.132291795,1319.973623,176.4487601,4.324893217,0.430498916,11.2337296,2.444284853,35.05267118,5.267637043,51.16957957,2.293009121,0.11748891,0.021774902
1_Root,3_Line 428,4_4WAA,1_c0z2,2747.520836,97.42930654,52305.50423,1969.127239,5208.9264,968.8528445,15443.1995,691.2222424,18.89303533,1.934055947,1476.098769,122.3950278,5.0688324,0.952023913,18.05362901,2.717188748,31.97004187,5.969099473,57.17750331,1.93957423,0.20068,0.037947696
1_Root,1_Line 546,1_Vegetative,2_c1z2,1350.546139,226.8171416,3400.223743,253.0403896,3532.68647,273.3835775,2223.382446,351.0136314,14.87984535,1.376444517,1116.357207,228.7251069,10.27448731,6.448388581,2.583859209,0.494530618,40.52506714,5.90454815,48.31984868,5.189555303,228.7499389,22.42058627
1_Root,2_Line 667,1_Vegetative,2_c1z2,1924.566884,273.6754789,4077.492977,566.7152053,3638.448031,209.1183442,4628.855782,1387.645143,21.54202906,3.38800882,972.0115934,132.0924165,14.37471621,3.43743339,7.121017687,2.772592104,33.90415692,7.713301153,63.73820324,3.88924237,160.0230676,9.193002917
1_Root,3_Line 428,1_Vegetative,2_c1z2,1754.294852,300.0998261,5402.202958,420.9099915,3288.580394,265.3956626,1792.57494,362.5002694,33.83904561,4.107855104,1389.791804,217.9742929,29.18765128,7.828038936,6.917568695,0.768498191,59.33415818,5.812400086,86.83026682,9.451288707,468.0191061,93.68522507
1_Root,1_Line 546,2_Anthesis,2_c1z2,5629.683155,1073.929096,21397.6127,3817.907888,13660.20065,1554.212343,15940.67389,6137.484994,29.42608867,9.547771458,1391.459271,476.8624545,19.34107248,7.181678309,8.354677218,1.189607354,47.98525661,7.175346314,119.4606143,20.47887098,256.9856687,43.92714522
1_Root,2_Line 667,2_Anthesis,2_c1z2,2146.60822,242.9754101,22111.86217,4589.3407,4805.651796,577.2492266,6148.578733,1443.439924,13.87956767,2.966536209,1088.130864,151.3973764,4.2898751,0.851282987,10.27382549,1.847560824,28.60601975,2.786881398,50.16361671,6.889880574,198.7634099,26.83504299
1_Root,3_Line 428,2_Anthesis,2_c1z2,2732.849388,607.3306817,46830.5002,15296.67647,4003.366498,344.1561655,5421.44242,620.7962099,18.02023483,3.769782311,2107.191583,275.1268452,5.836945017,0.787353683,29.47858313,4.425024106,25.98621072,3.765944102,61.09300411,7.189480037,199.4885992,23.64957188
1_Root,1_Line 546,3_2WAA,2_c1z2,5042.215688,392.4340037,26983.10399,4506.25653,13678.40579,2678.887311,7211.744482,1088.882426,17.9759,3.661490229,714.9269042,137.1565024,54.1375406,6.224764581,13.0435388,2.889773407,65.04785583,8.074081121,93.19191521,30.74298008,198.0332084,40.04001599
1_Root,2_Line 667,3_2WAA,2_c1z2,1838.714303,167.5871217,23772.29962,6526.032612,5904.868519,938.5152781,6151.603478,1640.89413,12.31423133,2.604555419,876.0606602,177.9834212,5.910369825,1.436736813,10.59773167,2.308839385,28.91200097,3.544222463,71.70025353,14.15872554,164.8739526,24.55158974
1_Root,3_Line 428,3_2WAA,2_c1z2,3817.24084,1091.872215,44657.68213,12695.51633,4697.047086,449.0301834,20688.43225,2131.888683,25.34971295,3.653537155,3845.430084,1323.340416,5.209929416,0.843151482,36.88911522,7.98184611,73.26390635,22.02757502,115.7365559,4.163046435,199.9461802,25.56444596
1_Root,1_Line 546,4_4WAA,2_c1z2,5018.878403,856.4201499,39542.04311,10605.57273,10766.07576,1245.241533,13346.07208,3886.324767,34.80901967,7.208438994,1546.942561,299.0343421,8.2412144,1.295759894,24.81204356,6.166591682,73.58912613,12.28750549,123.1102307,25.05336312,195.9028869,22.37038111
1_Root,2_Line 667,4_4WAA,2_c1z2,1815.981764,154.8402186,28204.44879,3673.50334,4413.208735,397.9492192,7880.796659,1088.825601,20.3003748,2.834222504,1517.439082,198.7533587,4.625418683,0.8967633,22.20311965,5.134131137,31.91922648,4.871859021,56.97927893,5.589859319,195.2978974,35.80056263
1_Root,3_Line 428,4_4WAA,2_c1z2,3122.455089,312.1643,54512.46752,5006.19615,5061.041111,428.3354378,15874.61467,1486.099837,24.49970414,2.477936091,1923.027253,222.6572913,6.182946514,0.409232544,19.77630723,1.964952844,66.7106373,9.66591303,122.8240742,14.66968374,298.0337206,21.80848561
1_Root,1_Line 546,1_Vegetative,3_c0z10,1822.340005,173.6564304,5648.824249,558.1643018,3665.522698,201.4581439,6007.902268,1431.205564,26.4825657,4.661007967,1131.103377,184.710529,25.33121295,14.24323037,10.26457419,1.243395349,87.54668877,13.53421397,386.891029,36.50096383,0.520433098,0.068245902
1_Root,2_Line 667,1_Vegetative,3_c0z10,2431.956248,127.0115741,6503.26728,367.3560989,4106.888356,249.490575,8694.735824,916.6942341,19.24337807,1.679232533,575.7177686,42.22664768,16.90851751,3.410422838,21.70134389,2.950289282,43.17715369,2.630484691,504.394722,30.48949565,0.297567289,0.036459619
1_Root,3_Line 428,1_Vegetative,3_c0z10,2021.031065,52.98528815,7521.043529,816.1513003,3245.629499,101.1250121,8553.000403,1363.489674,15.14214626,3.552059744,983.1680237,108.3052912,13.98713164,1.625301345,49.86697373,8.966492146,75.7437735,2.880384256,227.2569268,25.469974,0.595962958,0.362349352
1_Root,1_Line 546,2_Anthesis,3_c0z10,1323.101199,339.0130189,12186.5734,6847.469053,3240.816073,248.752981,19287.61619,15371.0605,26.48706744,8.033181716,3753.139643,1177.272176,45.89808012,2.90671959,16.15122441,1.716243146,120.2978754,44.13527448,769.4870647,194.0910904,2.916309958,1.45659692
1_Root,2_Line 667,2_Anthesis,3_c0z10,1852.471151,249.1308621,18851.93143,5288.122712,4828.432763,243.1212338,35356.49225,11764.40951,23.31193865,4.679508394,1529.998956,117.1022234,7.771845713,2.086329995,15.88277645,6.431986155,83.5629432,13.24129477,546.2107759,79.70796223,0.9991096,0.347324596
1_Root,3_Line 428,2_Anthesis,3_c0z10,2422.527043,195.2067393,26120.90269,3924.968835,4469.854547,251.7969049,49208.52189,8172.18924,19.77623067,1.896569582,1662.601095,205.8431183,11.20757888,2.681756039,12.76101012,0.526809222,29.20127888,4.98387799,574.6904328,41.89830183,0.232487527,0.017801676
1_Root,1_Line 546,3_2WAA,3_c0z10,2754.144011,911.209023,18664.06738,12973.67187,3980.508598,1503.035069,35779.97989,25738.09037,20.21595397,8.112870897,1571.64066,607.3779632,26.53392264,3.330203408,45.50219475,36.72726799,101.8796409,54.72048774,657.5401334,414.7651155,1.052228933,0.767460262
1_Root,2_Line 667,3_2WAA,3_c0z10,2570.901201,293.9999595,35753.86394,4743.963889,6657.821041,908.7881875,62615.47704,10600.13201,29.04849675,4.684653627,2366.114958,416.7436436,16.13950887,2.416022002,13.10734672,2.703270508,40.37444225,10.21645054,914.9918895,349.6891702,3.017301522,2.705432845
1_Root,3_Line 428,3_2WAA,3_c0z10,1985.878052,288.5177941,29285.37857,5527.093018,5082.400867,372.4151791,51152.64383,11410.0613,22.54201802,4.94972517,1887.95896,450.7490387,9.992551064,2.981947787,21.42684448,2.589560934,114.1554026,24.23512093,1139.330698,210.7559305,0.456591753,0.069142564
1_Root,1_Line 546,4_4WAA,3_c0z10,1724.304333,298.9616032,11660.91436,2838.01846,4032.053232,360.1521098,23445.47204,6671.919028,22.16563977,2.146638478,4034.799683,1344.039959,43.44823342,8.713516361,15.82155932,1.071523617,275.9147917,88.95608586,786.7048998,101.3376607,2.922160855,0.478477691
1_Root,2_Line 667,4_4WAA,3_c0z10,1804.861535,213.9982056,35005.13591,7853.989199,4256.96406,790.2227891,6746.587462,2404.780883,25.90261997,4.475840112,1045.268586,342.1416742,5.861796383,1.13516764,22.35926011,3.110722435,111.0696004,12.32692419,1070.144149,136.7638393,0.555532988,0.133091599
1_Root,3_Line 428,4_4WAA,3_c0z10,3133.866376,554.6477981,41451.89526,10154.70625,5838.670288,404.2922358,13942.76526,2334.812772,27.2574224,6.026203326,1908.423721,130.736828,10.77997903,1.058318652,16.38486345,0.55142802,112.7812038,5.221775603,1692.538912,102.6344388,0.635108771,0.109116416
1_Root,1_Line 546,1_Vegetative,4_c1z10,1828.090266,360.3682116,4882.521323,641.5622113,3478.551823,214.3147382,3631.527812,1108.824662,63.35151131,11.00987311,2401.955739,677.37033,21.99584308,5.511339617,17.064944,5.216183423,137.6164818,23.11651904,468.7471183,82.48723718,443.7809213,42.27565716
1_Root,2_Line 667,1_Vegetative,4_c1z10,2195.120777,123.8149137,4999.263151,634.1551647,3923.163271,204.7189662,4924.94368,1205.825142,23.15357875,2.440474644,700.5424497,102.1181097,9.692928367,2.826780649,17.50471998,3.088332662,39.12365025,3.273215147,389.5560879,48.29208836,347.7007601,43.82259083
1_Root,3_Line 428,1_Vegetative,4_c1z10,2050.237909,32.8571491,6622.767158,437.0929602,3151.687504,187.3114562,5994.0334,1095.356187,7.498092327,0.728332382,638.8948322,57.89477741,8.466078607,1.96001316,23.99261418,7.452327188,50.86439142,3.760377051,179.3909222,15.21510813,251.1514347,26.23939879
1_Root,1_Line 546,2_Anthesis,4_c1z10,2301.427936,352.5114936,19356.37488,7083.603839,4625.378183,1232.622099,32853.24249,13755.66513,46.37247421,2.978316831,1357.645267,368.6860735,9.589109138,1.666279458,14.58623029,3.019566886,83.21544994,14.0295276,1308.591632,50.48257616,273.4926277,56.0084572
1_Root,2_Line 667,2_Anthesis,4_c1z10,1987.085552,112.1666295,19089.00917,1475.629788,8161.803261,706.0363219,32784.1003,3346.708262,22.08779615,2.664961945,1376.43296,119.1835215,9.914928702,1.493233122,12.43206798,2.782818063,76.03145898,6.92252635,629.6259192,61.4459768,299.1242816,34.95227174
1_Root,3_Line 428,2_Anthesis,4_c1z10,2263.992686,187.3919739,19811.7413,3004.785127,4897.743695,453.0527939,50607.62652,3505.639347,15.9819254,1.944402054,1843.358636,223.7999103,11.33086058,3.436126856,41.67171405,13.15114358,61.27373849,13.42055363,582.5009654,88.97276111,265.7845841,30.37145786
1_Root,1_Line 546,3_2WAA,4_c1z10,3759.066126,1015.041679,35763.60177,9632.575503,3853.381075,625.8152965,67087.61744,19817.40852,43.47499277,10.82206141,3328.748399,1008.072436,6.541317449,3.925757348,30.73078778,8.242711683,128.1056737,23.61571086,962.2063578,130.7275894,284.2569443,40.65224838
1_Root,2_Line 667,3_2WAA,4_c1z10,1975.70031,316.2531146,34961.82924,5066.762222,5382.47348,519.890094,60193.56554,10049.32756,35.41386788,9.940414828,2187.700932,204.9974474,14.68696266,2.659828814,30.65818716,4.470432926,207.6951232,20.63121408,842.8009748,169.3816111,397.8554213,44.14833983
1_Root,3_Line 428,3_2WAA,4_c1z10,2269.326495,363.8259878,21781.39837,6029.500339,4891.222886,785.0386122,39917.08532,12387.49542,18.96318164,1.75079073,1687.462136,167.741063,20.2006977,6.039102864,17.30892179,1.902162726,83.92097336,18.53517416,472.1440105,64.31323317,345.8002802,58.89166407
1_Root,1_Line 546,4_4WAA,4_c1z10,4115.8368,373.1581868,53150.22952,3194.213406,3623.849451,352.2097706,92406.7898,4702.546401,48.2908847,3.485173323,3240.442421,381.3604542,3.091478885,0.659244693,4.289488049,1.178262638,179.2480095,60.90577392,1217.44184,61.78038792,285.2056436,18.79732963
1_Root,2_Line 667,4_4WAA,4_c1z10,2728.318956,349.8635669,50219.78288,7480.993845,5157.031499,601.1968944,20799.16332,5771.28195,50.9092892,7.42757025,2605.630508,300.616017,8.914977421,1.482575958,23.43701226,3.3598,64.16948267,8.106001578,891.3023716,138.5341352,331.261382,39.06615635
1_Root,3_Line 428,4_4WAA,4_c1z10,3154.63264,579.09042,39192.90024,8526.079134,4398.384798,276.0962511,13685.03588,1734.97781,25.369584,3.831423661,2506.179809,272.0220441,8.507094596,0.438202916,32.33767315,2.535341238,55.24197979,7.514990659,759.5701172,104.7772771,322.55333,50.06417858
2_Stem,1_Line 546,1_Vegetative,1_c0z2,1640.811375,335.5383935,3632.731375,534.9182921,1904.527866,332.4863108,350.5530602,120.2825172,73.26734374,25.01435245,55.18270512,13.89270864,30.10583322,4.185693309,13.79998925,0.312319875,8.958495213,1.622739,25.1663017,3.907007521,1.384119085,0.729772815
2_Stem,2_Line 667,1_Vegetative,1_c0z2,2035.635373,76.87497735,3305.707359,121.3937712,2253.437708,129.209039,321.5936,17.60400717,38.09982961,1.366439716,46.21902129,3.051656899,25.40047664,0.722040559,13.01809472,0.201548515,11.87771712,1.132445352,20.17170919,1.552811769,1.183192217,0.053192447
2_Stem,3_Line 428,1_Vegetative,1_c0z2,2230.320777,150.9369774,5180.113313,307.2519832,2765.443577,509.2774541,260.2504764,26.63966496,48.0146522,12.65887127,36.15735726,6.983788905,35.37059532,8.236592036,15.01307498,0.451232625,8.911629907,0.906690362,44.24961767,10.39393151,0.933662429,0.290644701
2_Stem,1_Line 546,2_Anthesis,1_c0z2,1496.025794,112.5585783,3887.918774,441.1969213,2221.287936,274.2963626,173.2950544,32.87107323,54.35764,4.656942494,32.40244555,4.318524993,31.53694729,0.860165162,12.15040286,0.16179468,8.251891479,1.851696214,20.97493633,1.761689785,0.027276724,0.002375455
2_Stem,2_Line 667,2_Anthesis,1_c0z2,1820.448159,309.1725543,3432.944716,685.664046,1291.875174,254.0166839,183.3639826,31.27391877,68.14682833,9.360269493,30.55280518,4.855417266,30.10340457,0.120628274,12.06652939,0.1953899,5.487538467,1.131280107,26.0823966,4.955755554,0.006479194,0.00171401
2_Stem,3_Line 428,2_Anthesis,1_c0z2,2535.377993,278.6328558,7074.505975,641.2304368,2982.325886,472.064708,424.9854902,22.11504047,126.8126867,15.42073368,69.35752377,10.31207936,31.38460834,0.304062774,23.38494469,3.33322957,12.01362456,1.764815208,47.91829657,9.463045682,0.029202912,0.011953529
2_Stem,1_Line 546,3_2WAA,1_c0z2,1642.090509,343.2336258,3548.864348,539.704805,1984.085784,181.6920091,608.8853449,460.6548114,36.21694436,15.71603089,23.00262543,2.809847641,28.12187174,1.988400911,11.76620702,2.057669637,9.206004952,3.838858293,27.00945881,8.052107062,0.027305265,0.013295675
2_Stem,2_Line 667,3_2WAA,1_c0z2,1513.162908,282.0494203,3324.436122,395.2837352,1263.943032,154.3775543,207.5192972,26.35584931,61.647605,14.00540322,38.76206452,4.769756196,32.24552911,0.664940717,12.22097958,0.166215031,4.803912421,0.43293228,26.38690402,7.332778276,0.012580855,0.002691213
2_Stem,3_Line 428,3_2WAA,1_c0z2,1444.902047,67.76564873,4620.805637,355.2631607,1994.937291,171.8193637,356.9467411,60.10827373,61.033466,4.10804773,105.4290198,25.74410362,30.56334177,0.050065728,14.19443171,0.30356698,7.552463759,0.796390359,35.31408318,4.936264233,0.026865032,0.004984154
2_Stem,1_Line 546,4_4WAA,1_c0z2,1833.487349,398.8953243,3156.633046,573.8442337,1539.941718,35.05118987,637.7286107,393.6360755,47.92233219,9.100611693,47.28698914,9.45824831,28.54259298,1.931488118,12.90163093,2.347582968,10.53145751,3.17506208,37.10605262,12.45841442,0.045051551,0.009012745
2_Stem,2_Line 667,4_4WAA,1_c0z2,2696.663093,397.3040117,4489.382831,249.1611272,2216.378908,181.6751962,413.9534055,25.08938005,68.466646,8.603247866,113.2473746,42.5913812,32.02676044,0.250077395,13.90089103,0.301495629,7.59496941,0.774671486,22.20211199,3.56723162,0.047730038,0.007323699
2_Stem,3_Line 428,4_4WAA,1_c0z2,1726.768265,165.6433582,6230.208662,932.1759471,2344.146267,240.2637685,550.647415,83.81910938,73.72732,6.062800413,99.57625075,17.44950467,30.72208422,0.120514457,15.56790882,0.121934496,10.68988065,1.485200153,29.89703898,2.82831196,0.016780364,0.00269779
2_Stem,1_Line 546,1_Vegetative,2_c1z2,2866.555866,563.9322235,7805.505376,183.4043573,2966.813252,150.6001234,2087.466745,169.7029143,27.09167103,3.829447255,38.94084059,5.087649296,25.42445835,0.528763696,13.31893024,2.337503182,9.195996909,1.167855307,42.20026764,9.948827451,25.09131361,2.788158831
2_Stem,2_Line 667,1_Vegetative,2_c1z2,2831.946692,319.2752208,6425.856613,124.9321768,1502.12373,463.2223079,1672.379312,52.04056236,20.02275526,1.164923406,34.51471501,4.544101893,25.56978188,0.336415568,12.13865361,1.36727333,9.808612376,0.422168104,27.34659734,3.181613164,6.946584843,1.144283552
2_Stem,3_Line 428,1_Vegetative,2_c1z2,2693.875908,291.8624908,11430.19343,508.8833845,2063.000085,618.7057096,1331.810508,72.44171096,33.88337176,3.431658999,38.19864029,3.676977565,25.58147375,0.957633734,10.65736871,2.195971656,13.81548241,2.912722119,98.89728701,24.38686952,57.3010628,5.118524079
2_Stem,1_Line 546,2_Anthesis,2_c1z2,1145.300938,172.0021985,3640.418407,224.7407953,1756.813359,130.6218651,122.0439345,20.36026768,56.777368,7.416265545,30.79732259,3.990392886,34.18124017,0.492439701,12.04639383,0.083414763,4.712401547,0.60631581,24.92860506,5.340732816,1.748706929,0.256939107
2_Stem,2_Line 667,2_Anthesis,2_c1z2,1795.937712,215.4180722,4750.251865,301.0909951,1433.817817,138.7182935,336.6646041,62.97846108,71.190244,5.245917896,50.48037045,5.530480928,31.28919614,0.377721096,13.76223191,0.314037976,8.577247257,0.68893693,19.97986156,2.164309987,5.352936162,0.65787087
2_Stem,3_Line 428,2_Anthesis,2_c1z2,1774.465238,90.23594176,6541.603175,190.4384709,2893.386853,255.5085292,211.6691749,11.74277337,107.684514,7.749792659,64.87287221,13.11167075,40.29831459,3.579096466,15.74215705,0.642053861,15.72654285,2.247933253,51.52019767,9.350628428,10.33088363,1.424981637
2_Stem,1_Line 546,3_2WAA,2_c1z2,1339.191213,70.11097523,3829.27794,63.8197848,1848.45985,159.3570122,186.7772954,39.2837283,56.45076,9.950785593,28.25696108,7.400211036,38.78001857,1.701464487,12.45335837,0.135010685,5.727505875,1.048354771,24.19207966,4.346668813,2.515824436,0.882908476
2_Stem,2_Line 667,3_2WAA,2_c1z2,1534.324196,185.2339429,4252.785157,326.9017897,1876.309355,285.0233498,148.6543136,11.83188186,71.26707667,4.735486508,51.45660597,3.00299828,33.40575441,0.543610047,12.68404664,0.074287161,8.764960537,1.132351341,17.19305255,2.065405171,4.638013713,0.795559094
2_Stem,3_Line 428,3_2WAA,2_c1z2,1797.227255,294.1815371,6847.849328,1018.780788,4152.444519,273.4942249,731.7841826,158.4262213,49.98729712,14.32556414,68.43278225,13.33149688,30.34271385,0.911118205,13.605182,1.298224611,13.94018232,2.020781762,29.18519729,1.976475054,8.02942324,0.697903984
2_Stem,1_Line 546,4_4WAA,2_c1z2,1377.320479,88.65803623,3691.642238,197.8926497,1798.630005,54.97698204,271.330729,48.53285356,54.72565,6.322123634,45.70226217,6.029040246,30.9852424,0.158762602,18.30192034,2.06482699,7.215332755,1.167395033,23.14711647,3.580225356,2.83875705,0.258491415
2_Stem,2_Line 667,4_4WAA,2_c1z2,2454.793056,950.9474907,3587.505087,224.9619438,1925.724439,352.5451525,264.4780014,81.67980208,74.88778,23.69718082,59.33594997,18.41273529,31.84012195,0.436949659,13.63081124,0.302584362,8.976892529,1.287595114,14.13252133,2.19146278,7.497274617,1.38119666
2_Stem,3_Line 428,4_4WAA,2_c1z2,1770.991316,173.9426007,5681.891439,486.4161393,2568.133729,266.0826163,304.007596,23.1926233,82.52928125,10.47736837,71.68857213,7.112282152,30.39213224,0.077961097,16.34681872,0.434367266,9.637908388,0.980749569,41.09175501,3.571841662,8.933146653,0.974294701
2_Stem,1_Line 546,1_Vegetative,3_c0z10,2894.719838,277.2490643,5383.528765,620.4402632,2896.816613,386.0792499,1286.987178,168.1701728,40.88105524,4.369786622,28.48754974,5.806564751,26.77387045,2.934808287,60.90637536,15.45026898,22.88930042,3.637956039,363.9445357,26.20587266,0.064667896,0.050599751
2_Stem,2_Line 667,1_Vegetative,3_c0z10,3428.369676,128.1791503,6879.384225,435.5860091,3334.538535,203.9338388,1617.021775,82.90069988,29.84356049,1.446124949,24.85958408,3.114840891,39.0494472,3.033759383,17.35264564,2.400019385,19.24269277,1.705600765,260.4103905,17.1009093,0.038740932,0.006748519
2_Stem,3_Line 428,1_Vegetative,3_c0z10,3855.758745,199.8520748,8687.412326,294.8999673,4255.672309,256.573568,1818.798926,29.32800999,19.67221762,1.384213265,26.00231364,2.169092309,20.64534678,2.679030476,41.52389982,3.255108122,20.52207992,3.409071896,476.893514,36.03538472,-0.036473425,0.031869682
2_Stem,1_Line 546,2_Anthesis,3_c0z10,2483.319695,505.0937299,3766.333274,795.4014553,2369.922774,361.5836044,1522.851374,403.0885609,17.16160816,2.910965791,29.37441047,5.341824624,24.74563049,6.939644002,6.448002451,2.393976152,8.436859322,3.172330116,142.9432444,101.9185816,0.063980022,0.087890104
2_Stem,2_Line 667,2_Anthesis,3_c0z10,1558.023752,104.7747109,3352.040145,237.2218344,2272.639969,454.9538834,1301.947405,132.9435684,7.935169595,0.984948426,67.82108987,8.472780726,22.69319288,2.317664246,17.83010834,5.123612558,13.83152945,3.140489693,82.1011869,6.158558304,0.090056283,0.131174824
2_Stem,3_Line 428,2_Anthesis,3_c0z10,1754.178357,124.6506808,5020.658995,404.3771365,1991.107556,138.0625817,1081.422124,131.4714306,11.09463192,1.39432983,81.18688056,12.62430138,28.9762095,2.757613831,8.855286993,1.268485188,8.762336535,0.84654026,172.9053138,17.65199768,0.094747432,0.012918926
2_Stem,1_Line 546,3_2WAA,3_c0z10,2055.606444,536.8181582,3494.177813,699.9265044,2953.937058,1299.119081,2620.20793,1743.062465,11.78019686,1.791073801,43.28579086,18.45503879,23.57030892,1.746966258,9.328636372,2.438521932,8.075026295,1.251035276,100.5991814,54.26317941,0.117056803,0.059747948
2_Stem,2_Line 667,3_2WAA,3_c0z10,2191.354186,420.9363936,4302.286497,461.1052516,3181.212612,925.4352779,947.0933606,78.67658043,7.139721788,1.080401275,65.79712329,12.62971472,32.30330693,2.067157299,9.478249931,1.875652121,11.69323377,2.055626502,93.79434838,15.73523205,0.20291816,0.131394114
2_Stem,3_Line 428,3_2WAA,3_c0z10,2272.386213,232.8924531,6176.677855,372.5081613,2469.301032,319.4390279,1217.666793,73.44052057,12.09783023,0.658641596,88.93950094,15.13494855,31.5466427,2.945950088,6.650458776,0.575991195,9.159718405,0.94270953,147.9985808,20.4935261,0.123818486,0.013659826
2_Stem,1_Line 546,4_4WAA,3_c0z10,2150.991287,553.1029535,2986.142882,394.6485413,1580.446528,140.2539823,1496.881303,511.3517603,16.31977632,2.650391242,45.42418085,9.567389547,19.68943985,1.462478161,11.02344172,3.62984264,10.78284581,1.184785042,180.7425072,52.27174223,0.220299308,0.172213923
2_Stem,2_Line 667,4_4WAA,3_c0z10,1954.92358,245.5553125,3249.033722,172.5453291,2032.025757,199.5639841,239.0327895,24.95290095,39.37726353,8.082562122,64.61325394,4.244837959,35.51970962,1.985801602,14.08768256,0.039357262,5.73271268,0.485443582,62.24651652,1.546786866,0.093752513,0.036544704
2_Stem,3_Line 428,4_4WAA,3_c0z10,1426.387161,67.53907608,4620.712308,191.7330594,1925.002936,135.498208,299.7106792,27.27691174,64.89681789,11.29059592,77.67888454,5.166709987,30.83188503,1.51822279,15.23754591,0.440378982,10.5222028,1.130125506,133.2926608,19.00598215,0.05219014,0.023195236
2_Stem,1_Line 546,1_Vegetative,4_c1z10,3274.021299,260.3955932,7061.955063,718.2949774,3174.046608,302.3300408,1663.908439,78.05896415,48.78767575,9.207501026,54.19450429,9.372191527,32.78231276,3.944752326,25.46403023,11.67813015,23.33980561,2.883181121,341.6821429,71.05303771,68.74440411,10.88883
2_Stem,2_Line 667,1_Vegetative,4_c1z10,4503.359948,324.3734859,7395.671554,283.9903059,4646.199243,382.9496863,1956.113044,145.8243883,46.60165707,5.386937766,25.9944603,4.313222962,35.35908364,2.955880071,14.05569778,1.991655594,20.92227523,2.243035045,263.1104201,18.48744044,36.08239048,2.987823689
2_Stem,3_Line 428,1_Vegetative,4_c1z10,3479.279085,253.7289702,7756.86161,680.1999603,3856.275944,296.1960818,1378.585515,121.4303648,15.79841252,0.928727224,17.18987292,2.843022565,16.23804372,2.440046432,14.10597294,2.65663002,16.25583074,1.874742591,286.2090329,28.66907063,29.95686551,3.3563286
2_Stem,1_Line 546,2_Anthesis,4_c1z10,1689.906096,223.8293346,4174.666427,580.2699053,2218.74035,453.6115287,1222.377775,152.1612607,9.941924583,1.29956087,50.95612248,4.335330008,33.52979219,3.261707122,7.193800219,0.72394244,8.258944584,1.137977067,54.91400822,5.731489088,7.286190894,1.525299186
2_Stem,2_Line 667,2_Anthesis,4_c1z10,1857.211329,115.0618444,3637.968234,184.1501995,2124.89237,145.105125,953.222273,99.91555066,8.130426994,0.92549614,53.58993241,3.386847319,35.39369788,4.707566932,9.312321273,1.127024554,8.762849381,0.328571504,78.70989249,5.309571986,3.893201904,0.360248629
2_Stem,3_Line 428,2_Anthesis,4_c1z10,2180.212937,85.98380241,5563.188926,206.1416223,2350.072102,90.25037465,1129.760711,87.42793226,11.51059885,1.044763243,65.34330996,11.04891541,31.34952105,1.667965284,8.362832322,0.676106899,11.43069887,1.207592274,152.5148843,17.53829848,11.74023652,1.207184998
2_Stem,1_Line 546,3_2WAA,4_c1z10,1691.838209,132.7775897,4497.403956,398.1861647,2139.200849,181.3997005,980.7313873,117.2800849,9.918347241,0.307882226,32.89971161,10.05401521,36.8243225,3.954087761,5.75160799,0.846253766,13.50385191,1.589246944,103.5067872,23.14548447,12.56965597,3.651189812
2_Stem,2_Line 667,3_2WAA,4_c1z10,1923.933557,205.2182845,3591.861694,403.416513,1740.332549,161.7891161,1070.683597,134.508165,6.509146646,0.633989919,49.94625981,6.714843855,33.24368226,4.236547204,8.675908538,1.55248259,8.428519262,1.34526323,99.02568898,28.18743617,6.923592518,1.64002182
2_Stem,3_Line 428,3_2WAA,4_c1z10,2621.449938,203.4337781,7650.900136,1015.830153,3093.846584,448.9335681,1413.14227,101.1363079,14.3539306,1.645939223,50.01334677,6.705820566,34.28630259,3.228087994,12.21487083,3.127729925,15.03165709,2.948712743,236.1301088,54.42152347,7.467855748,1.174837827
2_Stem,1_Line 546,4_4WAA,4_c1z10,1513.950162,125.3641949,3770.800868,266.2829181,1971.013578,285.2487211,925.681752,42.3299808,10.59617777,1.488929325,25.46634148,5.391747575,29.04060446,2.595609624,8.904173725,1.266183403,39.55988893,30.20368546,52.87753057,8.021366319,3.449192834,0.363075929
2_Stem,2_Line 667,4_4WAA,4_c1z10,1894.152261,209.2021681,4022.273815,241.7954398,2208.112532,169.9855555,295.8531864,21.40794287,41.74537856,8.067918013,66.19741645,6.08683786,32.12994302,0.117330424,14.75338872,0.416050156,8.845211679,1.466141238,59.86211765,7.46779215,6.866077876,0.898410081
2_Stem,3_Line 428,4_4WAA,4_c1z10,1872.290791,126.9505755,6156.578826,552.8383536,2648.41014,307.1829795,295.7359597,13.93252678,82.42671907,14.22455061,66.88471189,12.09951974,29.39960521,3.17895972,14.72585978,1.767644519,12.83813556,1.524211769,162.3801617,15.13588384,23.78361972,1.177324701
3_Lower Leaves,1_Line 546,1_Vegetative,1_c0z2,3439.507637,174.8247216,3070.006804,326.335104,3289.628426,289.5559916,1372.401255,4.724631967,12.5685015,2.685081064,95.84339189,12.1930074,29.53053356,3.215862413,9.523577225,0.279210851,16.91586779,3.653735046,29.05208645,2.51301177,0.680571141,0.492717042
3_Lower Leaves,2_Line 667,1_Vegetative,1_c0z2,3198.93099,150.984409,2787.201274,84.78465362,3197.465676,124.4920341,1411.869846,26.64889814,44.78542868,1.740355879,160.6822444,4.938644408,24.79832187,1.658075979,9.885644489,0.228186029,18.94311379,1.029028388,19.12823096,0.27707017,0.78296929,0.043562673
3_Lower Leaves,3_Line 428,1_Vegetative,1_c0z2,5435.924836,268.8217235,4917.586792,687.8928063,3983.851814,105.0781485,1711.129909,369.8650336,133.2266893,59.36997468,85.80357872,13.27647466,28.88887814,0.300643731,11.66651902,1.252464537,23.40850994,0.544339784,33.9571231,2.561401538,0.683399517,0.23819709
3_Lower Leaves,1_Line 546,1_Vegetative,2_c1z2,5701.049156,223.4976278,5505.486719,344.0787426,5140.956077,142.4914724,7361.414825,436.4366291,44.62298743,4.711517252,55.76633487,3.786956618,26.25235037,0.980731966,10.1453552,2.369648852,12.4478075,0.597589488,26.62553037,2.432398421,13.77756214,0.760853676
3_Lower Leaves,2_Line 667,1_Vegetative,2_c1z2,5419.862744,239.2480961,4127.335671,74.49729658,4849.448132,155.0535529,5317.967295,1100.692014,47.10065462,6.515724095,73.31460027,3.557971115,28.50110546,1.038487714,7.781147786,1.291813457,18.43948822,2.237031172,28.14447923,1.360765621,3.550126979,0.622448041
3_Lower Leaves,3_Line 428,1_Vegetative,2_c1z2,6645.175345,549.4045862,10543.53528,1930.376707,4844.35584,141.4535996,7147.943568,355.8870816,72.10390708,7.654149263,71.77238894,5.566804609,27.45642664,0.443619779,11.75037622,1.413002288,17.06772694,1.428718427,31.61770528,1.271053453,20.25195051,1.731157935
3_Lower Leaves,1_Line 546,1_Vegetative,3_c0z10,4815.89379,415.0956377,5152.799769,593.0445605,4159.563041,148.4607658,5978.072461,201.9826785,69.82638579,9.318896142,81.98246785,8.111771679,26.44522934,3.070253954,17.03110464,5.355749417,19.43896291,1.457420992,168.9809211,11.78239049,0.078293483,0.047118578
3_Lower Leaves,2_Line 667,1_Vegetative,3_c0z10,7025.332228,279.7437548,4341.04255,262.2679117,4893.660361,306.5736502,8729.726054,552.4171326,65.37159329,5.022018332,60.27572682,1.540036674,30.84320943,3.100023571,12.22312887,2.45387574,16.54285047,0.641904756,100.5233979,5.250215187,0.063725106,0.011630329
3_Lower Leaves,3_Line 428,1_Vegetative,3_c0z10,7474.220875,338.7243721,7966.042851,369.7991497,4527.062811,180.2194495,8286.297083,506.1227521,62.62443131,8.665301924,57.41229449,2.382630153,18.86729889,1.579130809,35.02389705,1.413110136,18.68445715,0.448156865,273.7171552,23.52403617,-0.027627915,0.043966579
3_Lower Leaves,1_Line 546,2_Anthesis,3_c0z10,3275.7464,214.1082585,2346.737966,173.9397046,4035.386774,857.8804189,4387.396357,268.2769297,15.38626213,2.85230743,62.37384758,7.425248094,25.27660305,4.396797742,3.996944857,2.18476733,8.139530005,0.174881849,33.75726013,5.419821939,0.02132195,0.036419058
3_Lower Leaves,2_Line 667,2_Anthesis,3_c0z10,4949.343691,415.5598104,2600.705703,320.3999787,4021.298227,190.4875885,7914.688604,556.4289752,21.95849076,1.691436378,136.9503644,4.595037422,27.985918,3.313837997,13.64268635,1.407419934,10.34095642,1.305302617,80.96743799,4.844885827,0.02326293,0.038805634
3_Lower Leaves,3_Line 428,2_Anthesis,3_c0z10,4944.95104,331.0239861,3642.882272,208.5176771,4285.595386,271.7259279,6923.75684,780.398714,21.63910149,1.242432354,164.2739239,19.51871564,32.48828354,4.016627903,7.150048053,1.015404361,10.84968053,0.868218388,61.14074564,6.841915436,0.107641235,0.016000388
3_Lower Leaves,1_Line 546,3_2WAA,3_c0z10,2167.673365,547.6941971,2406.670347,142.6213704,4541.747379,1631.472797,3415.898907,1128.953202,14.25484388,2.90772822,57.38424574,20.07652117,40.87198165,13.93537678,4.513088674,1.235697656,25.0673833,19.51868506,56.25138775,11.39483416,-0.002333066,0.128088317
3_Lower Leaves,2_Line 667,3_2WAA,3_c0z10,5183.145006,470.1252658,2648.458716,211.5545225,6215.347807,462.8808956,11969.9684,1728.811176,27.38944848,3.919740504,185.7625558,22.50393257,34.40775916,4.546172691,6.661250199,0.920778938,7.727261642,0.701566864,77.78266711,5.326102503,0.184994931,0.0885103
3_Lower Leaves,3_Line 428,3_2WAA,3_c0z10,5141.542231,323.0098627,4230.748728,185.6840746,4827.944325,663.2678978,6512.545331,704.5154189,19.01299275,1.165705628,148.6885922,22.38842308,35.1116643,4.517754233,3.573103822,0.294364518,11.8141958,0.807256437,36.57404857,3.431137363,0.121633881,0.037059802
3_Lower Leaves,1_Line 546,4_4WAA,3_c0z10,2708.157295,469.4785254,1911.455373,190.6415116,4471.947679,524.2785831,4847.864393,572.80713,18.61014304,3.82799646,80.98104983,20.63728993,23.96445089,6.266873047,3.773455578,0.334171585,8.763140602,0.5747241,41.50894422,1.33142394,0.135450631,0.11596085
3_Lower Leaves,1_Line 546,1_Vegetative,4_c1z10,4773.647134,296.4198656,7190.024468,1487.213609,4073.786424,366.3096322,8972.392366,1862.939171,108.4697142,41.54720338,109.8246889,23.31128451,46.4922866,1.397784913,21.31201398,5.611732057,18.57795717,4.135056991,212.5765842,38.12327778,57.06191723,0.771089759
3_Lower Leaves,2_Line 667,1_Vegetative,4_c1z10,7375.893288,364.9795643,4964.637924,137.2588109,5455.905292,599.2764675,8804.271119,325.6048661,81.27692454,10.05082882,49.98936277,2.465059761,31.78403554,1.735132251,9.792161431,1.802046811,17.1126611,0.722844564,79.23335279,7.591883419,17.58962584,2.602471171
3_Lower Leaves,3_Line 428,1_Vegetative,4_c1z10,7678.449787,358.0941315,7923.236125,725.8933201,4642.527687,70.60814811,7202.882927,444.0393418,50.83910527,6.494938215,46.30314193,1.588699812,19.69438213,2.451343738,8.897892486,1.314160122,17.20967665,0.286996973,82.51112608,5.603091198,14.22805762,1.989580735
3_Lower Leaves,1_Line 546,2_Anthesis,4_c1z10,3404.699518,37.4456223,3180.533924,75.49422743,4340.190915,780.9577949,6480.150289,842.7989909,11.15785977,1.383426062,85.02673013,10.31228074,33.18890319,3.291752657,7.858016174,0.843176842,8.671256419,0.765620637,36.45337549,1.324726627,2.181826199,0.477459739
3_Lower Leaves,2_Line 667,2_Anthesis,4_c1z10,5786.026338,145.2775681,2861.397482,214.9706765,6683.031117,297.6612165,10714.04483,682.5459342,28.13076563,1.485056501,142.026586,12.35873021,32.72922523,3.287424878,8.154136953,0.632165018,7.452839463,0.242314887,73.68251759,6.257922672,6.47351697,0.652407612
3_Lower Leaves,3_Line 428,2_Anthesis,4_c1z10,7141.707064,501.1249252,5338.825182,247.4306151,5297.610566,389.4504618,8521.749666,608.6377627,30.82001449,2.46693933,149.7512881,17.46401502,29.55423685,1.424587073,6.756749313,1.020387215,12.06507652,0.435355751,128.6163799,26.45362797,18.30257774,3.484907041
3_Lower Leaves,1_Line 546,3_2WAA,4_c1z10,3724.692338,144.3021242,2902.067366,309.9240097,6618.203082,954.3325194,5219.944503,75.69782788,12.68023533,1.009894413,55.51498181,9.404849639,29.33823211,4.200015807,5.106706481,2.027450918,9.758778496,0.198118386,45.75838049,4.979243381,4.524665138,1.544640274
3_Lower Leaves,2_Line 667,3_2WAA,4_c1z10,5889.779536,283.8112483,2385.882166,223.2480695,5358.912147,247.442267,8216.240609,953.6004734,23.57119262,2.981771929,139.8023756,12.05740941,32.43791979,3.611434412,8.569498301,0.952277032,7.85543972,0.595919813,66.33938241,7.600175008,7.563769498,0.99465286
3_Lower Leaves,3_Line 428,3_2WAA,4_c1z10,6554.734488,674.9228615,5534.38798,502.1737281,6428.417158,752.363947,7807.142156,875.7909714,18.09770926,1.714852037,108.9929154,11.77567442,37.46946457,3.844523379,4.335289183,0.259809929,14.55460606,1.316293736,56.91776565,12.81771853,3.416640551,0.471582846
3_Lower Leaves,1_Line 546,4_4WAA,4_c1z10,2799.646941,332.9057156,2155.047451,229.5245922,6191.514051,1051.235128,4052.62147,488.1304297,11.34751882,1.199786858,50.43832463,3.191475367,28.20550385,0.042801919,6.892418896,2.306906386,8.909484082,0.321996495,38.17674576,2.715777094,3.755006058,0.888421076
3_Lower Leaves,1_Line 546,2_Anthesis,1_c0z2,3474.703858,212.2342961,2789.299604,434.5310681,3734.342805,526.8016272,591.8743424,158.286546,8.785876299,1.202002538,54.13740182,11.74030472,32.03883706,0.135838784,8.777857016,0.264795288,8.373198316,0.839265719,23.60705341,1.280848368,0.024975014,0.000873518
3_Lower Leaves,2_Line 667,2_Anthesis,1_c0z2,4737.396351,288.0360193,3218.292937,611.5172615,2919.89759,311.7294807,1158.15597,136.8747479,13.6703854,1.31246581,124.5859537,7.902032454,33.7411535,1.338550225,11.94345062,1.550033087,7.919022269,0.94794267,24.39228661,3.196296773,0.021585253,0.000299655
3_Lower Leaves,3_Line 428,2_Anthesis,1_c0z2,5964.085033,711.6001659,4610.211475,163.6934355,5205.975225,448.1953446,1297.350272,240.3548767,20.55204685,2.924457581,104.645959,17.35353006,32.39747521,0.181793489,14.02424081,2.413735409,15.49187873,1.434600168,32.91435671,2.587406932,0.031058818,0.009141612
3_Lower Leaves,1_Line 546,3_2WAA,1_c0z2,3066.274209,545.9955705,2442.805338,383.1698817,5777.550542,1407.614909,2889.751681,1469.547485,12.96805454,3.202675889,55.52088962,10.34845881,38.99016325,6.110339161,11.79557847,0.762836228,10.46150652,1.702902813,28.60174166,1.082407208,0.022536952,0.00605328
3_Lower Leaves,2_Line 667,3_2WAA,1_c0z2,4137.776916,304.5172134,2815.489067,358.3718899,4278.194808,593.7178565,1037.898044,127.4689683,14.84006224,1.532634207,120.3643524,8.873539139,38.66346669,2.044010519,11.48896423,0.815304231,9.75594742,0.793462138,30.32337182,3.736083339,0.009924008,0.002414402
3_Lower Leaves,3_Line 428,3_2WAA,1_c0z2,3498.343761,337.5122485,5009.264139,514.4302258,5180.202641,144.7151539,1332.777817,165.0320976,13.05542613,1.271375054,145.9429498,20.08940778,32.26141891,0.290508258,9.442845088,0.239746306,9.956618281,1.467133734,25.59175883,4.428107301,0.011943662,0.001835945
3_Lower Leaves,1_Line 546,4_4WAA,1_c0z2,2978.739102,244.0391345,1957.46021,97.82682657,5580.405299,888.0118944,2393.667993,1661.453955,10.40244773,3.15468762,92.27315069,12.55719635,25.79900629,6.6351868,23.1063484,8.002725142,9.012798774,1.071620362,31.99089873,3.144100628,0.062662236,0.025092665
3_Lower Leaves,2_Line 667,4_4WAA,1_c0z2,5953.508912,460.1577596,4397.278044,289.8028451,5641.090857,780.0845731,1784.61337,189.3530441,14.94161652,0.942692296,162.6269126,15.64288889,32.89674283,0.256501683,10.54981086,0.244671786,10.47132712,0.707557112,34.53877856,2.607171535,0.035047861,0.006307183
3_Lower Leaves,3_Line 428,4_4WAA,1_c0z2,4222.956069,359.5556021,3968.531859,220.7822763,5094.391541,315.1359054,1059.8295,66.8556483,15.7880351,1.004057523,138.4832725,11.96532061,32.13294636,0.473668416,11.55005341,0.228294591,10.28439733,0.912041722,24.02073757,1.945203549,0.011008666,0.003153045
3_Lower Leaves,1_Line 546,2_Anthesis,2_c1z2,2235.265605,225.0654932,2689.947878,140.5804145,4145.832721,416.4606944,454.578656,80.97968894,7.777033097,0.70500109,48.94958503,3.831362902,32.3749437,0.394141589,7.624337246,1.538660653,5.857503297,0.55743833,23.74388547,2.266724047,1.262769095,0.153301006
3_Lower Leaves,2_Line 667,2_Anthesis,2_c1z2,3833.742615,468.104445,3386.449098,165.4267678,3145.893554,208.4773551,1044.540779,65.98549724,15.8905791,1.556912177,109.7047931,2.775664559,33.94942043,0.332628732,10.79727782,0.577811482,11.670845,1.352482623,21.25697277,1.982518332,3.955937614,0.333189946
3_Lower Leaves,3_Line 428,2_Anthesis,2_c1z2,4225.361127,436.1467488,5871.248433,608.1660719,5064.512698,658.4262152,862.8080219,116.9085981,18.71518966,2.858196467,90.78944884,17.27936893,33.38663921,0.654846994,12.65490889,0.636433712,13.69493424,0.792956806,35.79749641,3.506197885,9.693101818,0.959002145
3_Lower Leaves,1_Line 546,3_2WAA,2_c1z2,2510.653987,429.9150273,2683.414423,111.9449058,4745.611894,700.7515674,617.2563147,171.2645014,7.691471121,1.373423451,53.56873161,13.51657841,90.14186891,24.11965247,9.318845531,0.713885156,6.729318111,0.598845197,23.56818119,0.828289303,1.006437157,0.514391449
3_Lower Leaves,2_Line 667,3_2WAA,2_c1z2,4325.264236,362.1938249,2916.288215,168.7718934,4578.711832,568.0119323,939.8047702,137.7809209,17.46152191,2.010420842,90.68719335,2.504171771,35.16744185,0.654516964,10.62043317,0.284245018,10.46655479,0.666217779,24.8051444,2.047969013,4.848116535,0.672432623
3_Lower Leaves,3_Line 428,3_2WAA,2_c1z2,5224.349049,658.9914622,4792.063586,1233.17028,5188.550738,636.6504424,863.1721781,98.42679877,21.870703,3.032780643,128.9343014,23.72963076,31.64280201,1.024391815,12.41327105,1.784653507,10.77616497,1.198488644,42.0608517,7.987457993,6.959845569,1.613047256
3_Lower Leaves,1_Line 546,4_4WAA,2_c1z2,2675.832843,184.3959296,2342.852783,156.6612177,6571.477273,514.3124962,795.1152767,94.08283922,9.881850145,1.425761984,69.52730475,6.47279131,35.1007609,1.192416959,17.64272374,3.388645366,7.8503839,0.496336429,30.07251448,3.235836353,1.627765161,0.165512805
3_Lower Leaves,2_Line 667,4_4WAA,2_c1z2,5593.555473,605.1292225,2783.735676,157.1518383,6324.888339,932.4338878,1364.507308,104.0674118,24.74917445,2.555856755,110.5675745,9.979140482,32.98971225,0.235451317,12.90263631,0.613618573,12.32277432,0.52467375,29.28908934,2.49142994,7.433585559,1.360696597
3_Lower Leaves,3_Line 428,4_4WAA,2_c1z2,4725.07768,260.1526914,4430.723879,426.148652,7905.206176,768.921531,966.9121208,60.90092377,19.12325365,1.194451985,153.7593717,17.82202973,32.41455216,0.188140422,16.10462158,0.875917073,10.00781148,0.837048952,32.65287409,2.411203353,9.041358616,1.224960148
3_Lower Leaves,2_Line 667,4_4WAA,3_c0z10,3706.103861,223.0496133,2264.072989,161.948886,5872.190429,490.3490551,1494.108388,181.3560748,13.34950397,1.299689843,131.012263,10.02713047,34.24676549,0.256940135,11.80549816,0.548906474,6.344379805,0.750015984,32.3538999,0.26213325,0.058117737,0.008463999
3_Lower Leaves,3_Line 428,4_4WAA,3_c0z10,3946.425666,226.4498437,2866.997121,247.6023669,5559.33555,456.3801557,1066.174644,60.76381489,14.10005795,0.636329074,149.8933038,12.77225634,33.62802197,0.099498771,12.42394449,0.873521397,10.44062809,0.650037863,42.53683314,1.780491814,0.086386813,0.008672325
3_Lower Leaves,2_Line 667,4_4WAA,4_c1z10,4675.200159,512.6966795,2778.644632,385.7406507,6909.739197,1208.978964,1460.241576,200.9325977,18.11291162,0.53308056,104.6300825,17.44955423,34.56369795,0.409818771,13.32491544,0.813112598,7.516074057,1.007592681,62.43911433,4.268285479,6.199164137,0.537570084
3_Lower Leaves,3_Line 428,4_4WAA,4_c1z10,5370.655041,557.2249513,3462.828434,259.302194,6199.592486,717.3408589,908.2091084,36.77839831,17.33954943,1.400439751,90.88655473,11.0330697,34.11055495,0.076800299,12.14387736,0.499846648,11.3096662,0.433791601,44.12185776,3.582310129,6.277548306,0.937348175
4_Flag leaf,1_Line 546,2_Anthesis,1_c0z2,1575.101705,256.0392496,2303.479627,127.8236241,4403.909157,675.9998738,192.0570461,9.244748194,6.37296095,1.687602321,29.40067421,4.333057509,2.958921267,0.521703743,3.1116526,0.727878637,6.139647443,0.722421076,31.19762313,1.833114913,0.173022212,0.008706621
4_Flag leaf,2_Line 667,2_Anthesis,1_c0z2,1308.941553,192.2481683,2545.008402,236.8970686,2559.147693,152.0254047,281.6759943,16.79818198,10.4522982,0.870994884,82.51659462,9.669228041,2.7233608,0.315911458,3.349989444,0.491014214,7.514971312,0.416409036,24.38873711,1.111739422,0.157252614,0.010410116
4_Flag leaf,3_Line 428,2_Anthesis,1_c0z2,2027.220115,175.6088409,3971.740749,310.8317065,3985.331823,513.6814957,270.9261687,19.80123383,13.13423445,0.903714949,50.06501509,8.530213173,2.723102933,0.07035383,7.372844867,2.525423799,13.9167977,2.177152566,48.10825241,6.24939838,0.15192703,0.006867826
4_Flag leaf,1_Line 546,3_2WAA,1_c0z2,1840.026341,197.9356311,2248.333705,250.3752133,4648.690801,943.3193877,330.6474965,78.76984083,5.5999372,0.362935588,37.52533401,6.92348379,10.62818337,4.767271049,4.651314399,1.015674305,8.20916532,0.844257928,31.01206021,1.217041806,0.10234743,0.06437798
4_Flag leaf,2_Line 667,3_2WAA,1_c0z2,1833.858695,299.4550742,2345.746619,145.2348805,4039.505369,416.9647819,547.0084447,79.21783433,12.6472219,1.71599747,91.89920957,9.323215111,4.816836867,0.895800655,2.960546776,0.871054343,7.288702405,1.449915596,23.72326761,1.3815477,0.156802963,0.008708773
4_Flag leaf,3_Line 428,3_2WAA,1_c0z2,1683.601386,142.8388077,4189.605719,353.4389368,4223.102297,354.9005604,292.4351001,81.8376239,9.8806052,1.662121484,68.26562407,14.22739481,4.2151315,1.797809542,5.99492112,1.313895826,10.276377,1.330167609,69.99243451,1.441527611,0.182097796,0.023298026
4_Flag leaf,1_Line 546,4_4WAA,1_c0z2,2117.857448,248.6609274,2133.336257,229.1559501,4314.227959,660.0584184,578.5187579,173.2305836,13.47299066,6.457470118,47.83251209,4.237265272,5.122111524,2.73008156,5.388234324,1.205926688,8.521996168,0.466045046,30.67228155,5.885835407,0.11772986,0.049690655
4_Flag leaf,2_Line 667,4_4WAA,1_c0z2,1397.319884,214.4182336,5096.541168,1035.175575,5134.857572,446.1878658,1826.8148,349.0338496,13.6036663,1.180086867,162.1786448,29.56731051,3.59676356,0.406029464,4.910020798,0.820684841,9.178987178,0.91789809,26.78180653,1.94851563,0.161764373,0.005365253
4_Flag leaf,3_Line 428,4_4WAA,1_c0z2,2620.149482,474.1072522,3665.862425,520.9283805,4304.640929,257.8514651,762.7350714,135.9987193,21.2086452,4.154614796,118.3787406,12.74643373,2.502734725,0.149671909,6.700937608,1.085819216,10.71182693,0.490643154,36.75417072,4.397717468,0.147860429,0.002130292
4_Flag leaf,1_Line 546,2_Anthesis,2_c1z2,1619.632328,139.5456399,2635.853123,117.8826761,3872.412944,401.4404769,401.0814143,105.2789686,9.291548533,1.365707748,35.00199531,3.934766463,3.3460088,0.385571784,4.19530359,0.262854123,5.578690021,0.453507375,26.25361246,2.443620099,0.455016083,0.053826973
4_Flag leaf,2_Line 667,2_Anthesis,2_c1z2,1688.562881,194.7668006,3163.855647,464.9085697,3003.2913,228.3036235,1075.160126,227.6465973,13.55548137,0.842451945,160.2671423,16.03244774,3.1455889,0.312364142,2.972813713,0.190522611,11.49157345,2.440222505,19.44661944,1.499011441,2.936888229,0.31980741
4_Flag leaf,3_Line 428,2_Anthesis,2_c1z2,2152.502658,69.43398514,4641.438887,192.989939,4747.620379,174.2409369,347.7134214,29.75068967,11.3480015,1.346553082,77.01874309,10.19695806,7.024530606,1.896460666,13.27045162,1.542065753,17.48683594,2.377465304,61.42685156,7.695247002,1.867012648,0.211847575
4_Flag leaf,1_Line 546,3_2WAA,2_c1z2,2156.999527,174.2095105,2285.87774,121.5755295,3069.265866,131.7712888,479.7863874,71.13673451,11.81155502,0.351400613,37.42190423,3.431298759,17.47258498,3.993730394,2.428515185,0.448627051,5.903162205,0.609535716,29.13384303,0.905120132,0.403747171,0.000109858
4_Flag leaf,2_Line 667,3_2WAA,2_c1z2,1681.270176,306.800562,2346.44003,126.2397843,4098.283779,478.1772362,927.6942005,143.5482077,11.29996237,1.178037212,107.1393425,12.86478644,30.529965,5.208101993,4.89696677,0.974168159,7.371376068,0.581074074,22.16321344,1.822966367,1.131146235,0.275700721
4_Flag leaf,3_Line 428,3_2WAA,2_c1z2,2563.325293,345.2977589,3995.693788,262.1258112,4828.083121,347.5203451,271.2168367,109.0383283,14.14477787,1.357345672,74.54887296,12.36491774,2.708393675,0.311877915,9.475755187,2.057397321,14.13578512,1.136645744,76.19209281,2.278291804,1.037974165,0.198320711
4_Flag leaf,1_Line 546,4_4WAA,2_c1z2,1758.002244,60.73871724,2319.926897,128.222401,4155.77491,361.2022975,405.395531,55.68614474,8.3943922,1.18922493,44.63526531,9.088707692,3.430026267,0.446332537,9.800748058,2.998894131,7.681447504,0.61765352,28.92236176,1.312734917,0.491785885,0.041649707
4_Flag leaf,2_Line 667,4_4WAA,2_c1z2,2375.175668,443.7652705,4775.330107,768.6624352,7568.751759,1276.427809,1673.51774,344.5074397,14.98744937,0.945233828,183.3433587,28.44419938,4.977734433,0.448456862,6.123704464,0.651355354,15.0074333,1.708967513,32.7987448,2.660649327,3.968760143,1.220691079
4_Flag leaf,3_Line 428,4_4WAA,2_c1z2,2718.912271,381.1816585,3739.464601,374.1300224,5621.792788,840.6178367,657.8237098,12.69346149,17.22578703,2.865254625,73.42995157,18.14394376,2.401404683,0.132263751,14.13054225,2.922007978,10.56982648,0.586633996,42.0924186,3.362220096,1.666931592,0.194961357
4_Flag leaf,1_Line 546,2_Anthesis,3_c0z10,2223.428437,33.99457174,2508.568695,350.9342219,2724.825674,979.7668481,2503.283954,447.6336112,19.95329182,4.280335586,37.21465706,11.48014331,8.230879854,3.347605768,5.567812471,0.727395876,5.965598773,1.171660344,30.12034315,1.894499799,0.074631732,0.038307835
4_Flag leaf,2_Line 667,2_Anthesis,3_c0z10,1610.355301,59.22597396,2510.05264,309.2817923,3031.569902,258.7254956,1665.087065,104.7876763,10.8627398,0.63697651,68.10675,3.13969819,10.18548157,2.6980912,3.709158561,0.237190992,11.72549416,1.226688177,51.48325578,4.434676148,0.014343252,0.03421783
4_Flag leaf,3_Line 428,2_Anthesis,3_c0z10,2154.060683,114.490087,3594.287801,426.5593282,3475.966297,180.2617998,1360.071113,482.4335516,18.00496591,2.05002151,50.77310459,2.749423632,6.773620924,1.915981946,11.43098194,2.284285288,11.36425299,0.60138888,64.97244583,6.263047489,0.045866377,0.013394491
4_Flag leaf,1_Line 546,3_2WAA,3_c0z10,2257.970905,189.2486905,3048.743748,34.65643515,3517.098394,677.3520934,3084.629117,0.896299774,16.46669608,2.329630349,26.67150897,4.693467483,26.21732366,19.17027036,4.424625182,0.795427826,4.45536546,0.751040413,40.21530911,1.044201755,0.021056292,0.037124384
4_Flag leaf,2_Line 667,3_2WAA,3_c0z10,2191.519884,210.7557918,2182.226642,124.4737959,5149.704554,580.8047533,4632.300915,600.8853888,16.37877778,1.113652374,112.8566442,15.37347745,2.410938413,0.487984293,3.881713361,0.795520199,9.734651438,0.892822904,42.90045824,2.218365254,0.025445616,0.035271474
4_Flag leaf,3_Line 428,3_2WAA,3_c0z10,2827.482505,291.3467895,3450.33961,321.6165961,4768.324829,376.1614766,4430.847309,1164.424084,29.60362685,7.77487304,108.3614048,15.83854118,8.805940949,3.147543212,3.177967158,0.887650865,12.40570471,0.61711068,53.00428673,4.547333732,0.112371594,0.021594689
4_Flag leaf,1_Line 546,4_4WAA,3_c0z10,1937.112621,217.0856476,1749.527645,120.1616078,2394.282913,139.8022823,3042.756783,237.9590374,19.17167888,4.521062384,32.48023564,5.050909711,15.26891322,1.022195392,6.071615513,0.208710363,7.5060388,0.497284416,41.73676953,1.265183924,0.036003412,0.063507145
4_Flag leaf,2_Line 667,4_4WAA,3_c0z10,2063.373121,311.4374616,2073.579393,120.4208728,5257.198192,247.3153885,1077.987564,136.4718819,13.21668747,1.843850318,89.12447778,3.161358872,4.680563854,0.357992469,3.88282048,0.114629755,7.833507705,1.123191264,28.85299525,2.629685617,0.189450512,0.022849806
4_Flag leaf,3_Line 428,4_4WAA,3_c0z10,2575.166209,290.1448255,2663.854834,255.2627523,5105.180869,681.7382454,746.283577,209.0877728,14.35789045,1.563051324,81.21303085,15.38808613,5.274345227,1.036847813,5.541402929,0.34658942,10.01490712,0.475688283,46.51531814,5.109957416,0.132440635,0.02931526
4_Flag leaf,1_Line 546,2_Anthesis,4_c1z10,1886.654362,92.8780241,2551.12168,136.4466844,3022.878495,217.5898568,3144.825756,320.5434114,12.00536688,0.383139839,35.089339,3.945830696,2.452479187,0.748869465,5.879625067,0.669709441,7.471665994,1.194263157,30.76046693,4.139423702,0.496994449,0.068245595
4_Flag leaf,2_Line 667,2_Anthesis,4_c1z10,1806.299249,192.623023,2208.877818,122.896908,3713.613164,97.17709415,2706.40309,126.1277316,13.86662244,1.253147856,86.36152296,4.215004112,9.662737406,0.122064888,2.159546951,0.068041216,8.552055783,0.403118186,39.58924783,2.123558005,0.378803767,0.05718162
4_Flag leaf,3_Line 428,2_Anthesis,4_c1z10,2670.175174,122.8457966,3543.747795,283.2555273,3896.529247,220.2283261,1992.796528,646.4418968,15.06908559,2.437965881,54.88167734,6.17230079,9.814952391,2.999736496,8.034952907,2.317711883,13.06506061,0.781546768,73.30844179,8.495837543,2.003738963,0.223705342
4_Flag leaf,1_Line 546,3_2WAA,4_c1z10,2012.851479,68.94036986,2470.167771,259.6355742,3761.483556,380.0556471,1820.237115,332.9599881,10.55334193,0.394568517,26.79741474,3.672790774,7.275748323,0.510199835,6.084385935,0.511443606,6.359772281,0.731526379,45.03717955,2.481522503,1.845557543,0.259345851
4_Flag leaf,2_Line 667,3_2WAA,4_c1z10,2249.36507,141.0586559,2080.256406,143.6615016,5174.665485,416.6032504,3934.891922,373.1500558,14.36063684,1.77994082,148.5728517,17.50616487,8.562652757,0.567824991,4.094152617,0.398000125,9.851030954,1.216993315,42.82492757,3.220958629,1.615738849,0.494035086
4_Flag leaf,3_Line 428,3_2WAA,4_c1z10,2635.330721,156.1228691,3590.19272,249.1859078,6002.944071,480.1914695,5642.53631,1349.986984,22.44416525,3.170498015,92.74764079,13.0409017,3.640589986,0.623536751,4.102264038,0.728339301,16.50212131,2.60766202,70.48142094,8.386658881,1.263207451,0.116901469
4_Flag leaf,1_Line 546,4_4WAA,4_c1z10,1941.295164,170.2164029,2453.047462,217.7703874,4096.41573,521.7102877,2406.96316,295.1253368,12.95171993,1.723594065,23.5678097,3.225344631,3.487273808,0.335458536,5.739304463,1.060200343,6.096544098,0.615357055,39.50667241,2.17700463,1.619854456,0.379451149
4_Flag leaf,2_Line 667,4_4WAA,4_c1z10,1534.100571,145.3541407,1710.027854,124.6690212,5723.212555,335.8403882,1036.361626,116.0759699,14.00393271,1.143275949,82.84191059,9.421766114,4.276652495,0.513681065,7.243156181,1.550170163,6.27216752,0.929866281,37.51872349,3.119053619,0.580106786,0.060971484
4_Flag leaf,3_Line 428,4_4WAA,4_c1z10,2588.337878,297.1824762,2705.616158,72.56889715,6184.606033,384.0250909,640.8061631,19.43391356,14.4951912,1.329708522,78.64767554,9.640276944,5.868099503,0.789680818,9.574323895,1.683809784,11.25475962,0.476199043,63.1452068,4.846063778,4.366933451,0.775032839
5_Peduncle,1_Line 546,3_2WAA,1_c0z2,1544.121975,212.4240555,3553.996397,789.3625775,1251.757202,130.3595487,62.97967868,21.2065647,8.149861165,4.38650571,27.69306201,5.307928384,1.194962735,0.365896525,3.307210785,0.986428538,5.170583233,0.412275179,29.77538162,4.364076522,0.052664965,0.011440607
5_Peduncle,1_Line 546,3_2WAA,2_c1z2,1934.035259,46.25414168,3431.874833,301.7185254,865.8964222,82.46495172,140.726962,19.83842893,8.144249288,1.229571145,12.00845973,0.895229418,33.3136399,1.861267124,6.00837658,1.739288633,4.976553119,0.312416464,34.58253819,2.358840116,0.497066248,0.092465886
5_Peduncle,1_Line 546,3_2WAA,3_c0z10,6358.544516,1965.144101,4684.688566,1813.991153,2926.954129,1375.497107,647.7384186,163.0743581,17.96977142,4.132050822,4.263425286,0.248078767,2.947659207,0.11674115,6.773272126,1.478154224,2.774468502,0.874643041,129.766606,44.76494609,0.084700749,0.146482086
5_Peduncle,1_Line 546,3_2WAA,4_c1z10,1771.905033,130.1726439,3895.747084,340.268214,1297.598777,39.43590026,362.1150683,23.03378579,7.029821836,0.979509834,6.704530156,1.424484286,6.768052913,1.277604358,27.61272147,5.981629764,5.374531558,0.410583585,46.10202057,5.845309885,1.857122325,0.537890325
5_Peduncle,2_Line 667,3_2WAA,1_c0z2,1512.311336,68.57211649,2931.054513,256.5785532,1086.905123,53.31231183,83.86721926,11.11816985,7.22487,0.59104799,13.84182871,1.906207343,7.565391133,1.463848413,1.992348472,0.239139393,5.198953791,0.738276064,32.94449037,4.140645978,0.049964165,0.005897877
5_Peduncle,2_Line 667,3_2WAA,2_c1z2,1540.146689,217.0351381,3061.7608,451.0014488,1362.912626,71.9681072,101.8727669,9.248832561,7.1229672,0.320544751,14.2493321,0.593778737,1.98831003,0.139673663,3.002799385,0.394917516,3.380281732,0.5632747,27.60868035,2.773196836,0.674866947,0.121751256
5_Peduncle,2_Line 667,3_2WAA,3_c0z10,2433.773373,156.1091163,2843.279215,227.2838694,1882.568826,71.52686472,629.3140136,70.59851029,9.5494629,0.655038194,28.16282074,4.86476029,5.084312753,0.173221156,5.594290438,0.490084295,3.864105089,0.501559422,79.65113669,3.77359317,0.016500654,0.027318924
5_Peduncle,2_Line 667,3_2WAA,4_c1z10,2257.858661,175.1257194,2705.990081,358.0955823,1490.533175,79.61973283,532.2572837,16.19603928,7.738905565,0.484258796,14.76923483,0.691034102,9.530587092,2.540116872,5.686234773,0.550362982,3.682091608,0.432418247,73.52925269,5.643109032,0.862656585,0.166307554
5_Peduncle,3_Line 428,3_2WAA,1_c0z2,1497.691592,132.6312581,4728.795373,145.5335652,2271.557209,156.0848856,266.6756165,127.2500182,4.2414795,0.644749669,20.63487776,1.142528084,4.620314,0.341095975,4.867191713,0.199896534,7.224251877,0.827494387,51.09726966,8.022635958,0.062502136,0.009987488
5_Peduncle,3_Line 428,3_2WAA,2_c1z2,2053.423585,232.0165969,4365.123214,627.2535134,2252.014822,184.66085,423.3337092,197.0841398,7.36907825,0.786310401,23.0602453,3.660584674,3.430166325,0.304585938,8.518607337,0.667994401,10.40255964,1.146558294,31.90095325,4.348515036,0.81730957,0.252833875
5_Peduncle,3_Line 428,3_2WAA,3_c0z10,2173.111811,203.0464427,3559.410402,87.24828099,1935.944304,147.2917802,667.9393539,93.09321777,10.76277812,0.498516872,30.22187589,4.204904929,2.145982366,0.30006663,3.171552645,0.610271481,6.858430949,0.236393509,96.71360201,4.369634972,0.097257555,0.018579146
5_Peduncle,3_Line 428,3_2WAA,4_c1z10,2088.856103,280.7243997,3681.278414,67.00675397,2086.713957,121.4393326,382.2230729,38.5668824,9.711403473,1.442766278,19.8223622,1.136328552,7.482266343,1.547504126,2.663684473,0.306111013,8.474639509,0.603112245,72.65042794,7.812267356,1.670671628,0.484196952
5_Peduncle,1_Line 546,4_4WAA,1_c0z2,2905.833069,364.6956166,2961.565207,440.9016782,2325.903136,495.6498924,518.788652,229.2105672,16.37051511,6.222930302,35.25850055,4.448914241,4.553281818,1.142560671,7.189430188,1.220258974,15.63573782,5.969729179,41.55759207,0.984592519,0.218135872,0.172755797
5_Peduncle,1_Line 546,4_4WAA,2_c1z2,2268.776621,238.4467661,3232.622924,184.9220868,1509.246201,110.1622121,107.872202,5.512341098,9.334908,1.535866177,22.22533101,1.555726854,5.2187144,0.341377672,7.968503832,2.485934289,4.721460446,0.386225002,27.681266,1.278489152,0.354253446,0.058055252
5_Peduncle,1_Line 546,4_4WAA,3_c0z10,2648.722833,199.3553047,3494.334502,295.9118364,1312.917058,126.039898,635.3626445,100.0583006,23.7930982,6.348950841,20.61288376,5.263025949,3.26498716,1.225266537,4.931626726,0.754506352,4.368418167,0.799751818,78.47008318,1.20172832,-0.016734266,0.021253447
5_Peduncle,1_Line 546,4_4WAA,4_c1z10,2107.711139,81.0779856,4099.843852,155.1768188,1579.148422,65.35125792,452.7031705,46.05185674,8.004411708,0.687651872,13.62130394,1.06300594,3.571064959,0.37465754,6.431620984,0.635220292,4.997369073,0.555885282,67.48014756,0.478635277,1.362376745,0.30189771
5_Peduncle,2_Line 667,4_4WAA,1_c0z2,2987.425568,574.53991,2134.609665,70.0916827,1925.767982,235.2892761,168.5572172,19.66419874,12.4375405,2.008651605,32.50017076,1.59678943,4.576616633,0.259733553,3.125478178,0.438687691,3.795320873,0.421812129,20.4459189,3.916427516,0.061678017,0.005277645
5_Peduncle,2_Line 667,4_4WAA,2_c1z2,2745.616364,311.2322796,5400.551608,296.1745632,2624.463415,371.4083998,129.6552709,12.29684631,12.29769433,0.929369399,26.11840396,1.607135344,6.15265756,0.349749909,3.022046815,0.177109199,5.470662591,0.498452814,17.36256328,1.447288463,1.367125353,0.108907888
5_Peduncle,2_Line 667,4_4WAA,3_c0z10,3426.594057,348.8602454,3854.213842,527.2537616,2795.686853,187.8488898,174.8772854,22.42395205,14.0025018,1.73125816,36.1356791,2.910230081,6.17986807,0.17464871,4.245376682,0.657807423,3.258521957,0.56206584,92.59291174,10.07134046,0.039191809,0.004559184
5_Peduncle,2_Line 667,4_4WAA,4_c1z10,3241.842935,318.8192405,2205.70038,321.7221706,2593.046408,191.1144246,167.2671278,12.23544291,9.045768439,1.314570744,23.14282789,1.37280891,6.125311968,0.094068629,4.445958734,0.661429751,2.19654203,0.23200689,52.58438915,5.02563111,1.146610559,0.182723373
5_Peduncle,3_Line 428,4_4WAA,1_c0z2,1494.850343,208.3208502,4139.524279,804.4603486,1951.364235,101.0746835,179.3519925,9.318358186,11.2913665,1.164384068,30.46086817,6.196141319,4.441738667,0.134127047,6.18958923,0.473572347,8.342598713,0.698998815,40.21313787,7.453633343,0.04283619,0.005525466
5_Peduncle,3_Line 428,4_4WAA,2_c1z2,2301.283921,261.8849504,5628.24203,323.0660131,2827.539866,111.2317417,173.4192366,6.381748843,12.6277788,1.340584115,31.26151706,3.465493647,3.576998867,0.358407355,12.22773913,1.312199963,10.21136808,0.678533431,43.67628029,2.772546069,1.840999689,0.463890782
5_Peduncle,3_Line 428,4_4WAA,3_c0z10,1831.180121,91.06735381,3620.628196,244.1025704,2063.448302,132.0984738,135.8521873,38.29588583,11.08593797,0.457760498,22.69038792,2.485013495,6.15796074,0.036233078,5.976270606,0.606901847,6.65165689,0.370956922,60.13993881,2.618305645,0.032342662,0.005485936
5_Peduncle,3_Line 428,4_4WAA,4_c1z10,1711.77783,205.2405292,5084.227975,400.5547395,2340.612842,160.3983724,69.68177929,7.286302091,12.79928027,1.097340053,25.63040914,1.03476253,6.3171539,0.197094301,11.50277636,1.017438335,11.28111933,0.695389926,71.57241311,4.002309345,3.711068694,0.474188951
6_Rachis,1_Line 546,2_Anthesis,1_c0z2,1355.107433,80.59343048,3219.374344,463.6125028,1613.550321,381.3620086,79.10048638,9.785486935,5.00803765,0.638253033,14.71307933,0.611575373,3.098732565,0.217876002,4.779726367,0.363937355,5.76310242,0.750628196,29.434065,3.323861813,0.090425857,0.010190688
6_Rachis,2_Line 667,2_Anthesis,1_c0z2,1280.02593,62.37354958,2473.885702,192.6272057,1007.392135,5.662435568,44.28870557,3.013558385,5.2010811,0.575238108,30.95451697,2.497726074,2.752687774,0.034037416,4.747023625,0.078691091,5.115806938,0.561097805,30.83011787,2.032385793,0.078978466,0.000980505
6_Rachis,3_Line 428,2_Anthesis,1_c0z2,1454.708344,147.3058854,4069.710952,360.7589753,1579.686438,183.5998098,71.63873786,7.432554696,11.62694023,1.920066771,22.80276192,3.084646722,2.507952308,0.174299756,5.673449189,0.349279505,11.08901701,0.919341612,42.69175195,4.982332097,0.099958881,0.021194362
6_Rachis,1_Line 546,3_2WAA,1_c0z2,1521.476344,89.36942377,2562.73514,519.0588214,1484.90671,215.99824,67.6110314,5.436146986,9.24818661,3.716615615,24.02513294,3.922528887,3.853340237,1.039274454,4.002570816,0.574247594,6.039341724,0.671756258,39.95015013,13.38426401,0.041831618,0.042829243
6_Rachis,2_Line 667,3_2WAA,1_c0z2,1444.539211,100.4849303,2082.888945,66.17994822,1299.543409,115.2580813,139.6591639,17.32281961,6.9616967,0.538172734,26.81293238,1.825317955,3.171309812,0.150908032,4.676476492,0.060406225,5.056536928,0.377203849,30.63177445,0.975950618,0.087634194,0.003882675
6_Rachis,3_Line 428,3_2WAA,1_c0z2,1411.549254,162.5147507,3663.815962,264.5639848,2129.186457,83.77177,145.1884263,18.82335511,6.39468865,0.457605067,30.30319284,6.58454006,2.862022723,0.012443186,4.673056178,0.017403213,7.496852115,0.49318533,46.11803796,5.677942036,0.123700292,0.033800111
6_Rachis,1_Line 546,4_4WAA,1_c0z2,2189.414456,516.6213265,2230.862014,129.0887318,1535.171604,148.776894,139.2352123,23.03527134,19.12517853,7.294153348,31.36017942,0.511398381,3.883939366,1.048252203,4.066564071,0.642073536,6.489990408,0.646980945,28.02582159,0.718558073,0.065961467,0.02384565
6_Rachis,2_Line 667,4_4WAA,1_c0z2,2232.134052,479.6397164,3353.362783,104.4556803,1879.145572,110.0419295,202.5934075,63.28082523,15.9998969,4.111471792,30.61826319,4.650956727,2.774967678,0.029185414,4.547010053,0.114100229,6.301564613,0.317723732,41.06809415,0.809259331,0.087040601,0.004720164
6_Rachis,3_Line 428,4_4WAA,1_c0z2,1123.778531,61.49087139,3683.499604,450.1515795,2599.95837,276.6866932,180.8062039,63.01599693,12.22734357,1.062980812,34.10554149,1.33831522,2.747965054,0.094587277,4.803868431,0.04037934,10.16158124,1.556970961,39.15502219,3.684570745,,
6_Rachis,1_Line 546,2_Anthesis,2_c1z2,1393.957367,202.1903288,2623.807103,144.5016668,901.0308874,107.2605556,48.15182907,12.33967684,5.722462567,0.42196021,12.21391427,2.652850242,2.709432057,0.182451884,4.71397378,0.231413424,3.872690426,0.298039905,32.38593688,4.753796459,0.385516881,0.04199625
6_Rachis,2_Line 667,2_Anthesis,2_c1z2,1395.285524,193.7509623,2713.89425,343.4180376,761.7707471,113.2285674,52.98586732,3.633556949,4.9787801,0.233690012,19.52693133,1.725805096,3.931378678,0.476870792,5.012795549,0.253719191,6.645925249,0.470197167,28.35972638,3.148925323,0.556269048,0.100427032
6_Rachis,3_Line 428,2_Anthesis,2_c1z2,1518.042712,84.89041565,4951.188158,500.4216849,2766.770603,261.9276355,178.7928305,59.78588316,9.06621715,0.972834343,9.813172597,1.264789996,3.576990348,0.093049402,5.817391182,0.619064811,10.51351722,0.850117609,56.78241939,2.425476112,2.803577232,0.61066805
6_Rachis,1_Line 546,3_2WAA,2_c1z2,1715.51363,265.9590224,2710.928473,456.832511,1609.107989,314.9585086,145.0192585,44.86946316,11.76852323,2.668697941,23.04042674,3.555827259,14.34871187,5.426750373,4.509353922,0.025080916,4.642218785,0.535287771,32.89850228,6.172661412,0.360849228,0.036819152
6_Rachis,2_Line 667,3_2WAA,2_c1z2,1472.808956,71.35951864,2369.785515,187.0258272,1833.92914,186.7725806,154.4175055,19.68143992,8.901952733,0.933442709,36.28815591,3.479601281,3.48549605,0.276692171,4.618583027,0.021380172,5.577999149,0.572371986,26.87842792,1.251399715,1.488509476,0.203233453
6_Rachis,3_Line 428,3_2WAA,2_c1z2,2389.412371,381.9714417,3028.529207,251.5075275,2861.423509,189.7265521,171.2376487,5.482932709,17.47956779,3.283851585,45.13306164,4.437873654,2.812306637,0.443256024,5.20017667,0.251870134,11.55978086,1.147879591,52.31314382,11.60255481,1.424986914,0.140964973
6_Rachis,1_Line 546,4_4WAA,2_c1z2,1672.24155,175.5208183,1967.281993,249.4573944,1765.808003,228.2947589,172.6529466,18.77692034,10.38355315,1.235269022,30.19739659,2.915944916,2.904992584,0.032786606,4.76532721,0.057418086,5.787942414,0.496548472,26.9715373,1.764254406,0.333428692,0.041997976
6_Rachis,2_Line 667,4_4WAA,2_c1z2,1764.809299,193.1472351,2681.123703,364.2464482,2450.486576,168.7494994,200.6599974,20.89247506,13.3712381,0.687543048,28.19967064,2.108849579,3.286498033,0.147355682,4.728131324,0.026463773,8.710305796,0.891613788,25.26797639,1.966802014,1.455226114,0.090466054
6_Rachis,3_Line 428,4_4WAA,2_c1z2,2072.007372,76.0016544,4300.951865,337.8565411,3130.673575,223.340446,310.1822812,37.67886309,12.82796478,1.789045448,35.90973256,5.020944714,2.716462465,0.084999339,5.448231744,0.238735354,10.84413136,0.795570504,39.49188862,1.787010617,2.664688828,0.709785128
6_Rachis,1_Line 546,2_Anthesis,3_c0z10,1307.040832,27.28302472,1559.201716,355.4429358,872.6832113,171.2845432,378.5116134,24.63959248,13.56708232,3.230704518,23.48060965,5.359265464,3.410456076,1.038181834,4.4227637,1.903774992,2.957499184,0.825069495,31.24170099,7.400486407,0.01483408,0.06069332
6_Rachis,2_Line 667,2_Anthesis,3_c0z10,1495.797296,65.51042591,2336.294182,139.0219317,1247.561712,121.1141576,329.2703225,31.80783545,8.030050351,0.769357763,15.77416454,1.17530393,2.014517802,0.322334084,2.665092836,0.140726925,6.335790322,0.588965971,50.39001376,3.592117484,-0.010585472,0.039793782
6_Rachis,3_Line 428,2_Anthesis,3_c0z10,1647.640773,166.8882612,3308.519714,89.3617919,1682.298904,90.70758254,381.2293792,39.40956419,13.5877691,1.095572012,18.18025011,1.829898976,8.744935378,2.04574992,3.759663062,0.604626146,7.235274796,0.197016356,71.80369283,5.630443725,0.113109178,0.065430381
6_Rachis,1_Line 546,3_2WAA,3_c0z10,1809.361,77.6252321,2525.9485,309.3296374,1365.422628,3.793048253,633.6414501,62.33955015,15.01167692,2.941896157,24.47084334,1.543388245,5.10319549,1.263808465,7.406379337,2.009204729,5.273031214,0.533173278,39.6581564,3.854052108,0.114979384,0.083841125
6_Rachis,2_Line 667,3_2WAA,3_c0z10,1992.032568,159.0703115,1606.241173,140.1869553,1717.487557,107.4601418,952.6961132,105.2639138,10.31282819,1.092661069,29.6314755,2.660955312,8.306726931,0.302441633,5.590836846,0.524424144,6.234358334,0.432023962,62.07841425,4.339703629,-0.010778331,0.03040379
6_Rachis,3_Line 428,3_2WAA,3_c0z10,2678.493116,299.4933223,3644.655535,157.2737408,1695.662695,139.6106043,1260.776521,46.05074787,14.54596244,0.745375045,25.63438659,1.177110329,1.562143623,0.19303977,4.237600614,0.745723576,8.063709748,0.430288583,112.0329784,4.778126698,0.122905998,0.025176875
6_Rachis,1_Line 546,4_4WAA,3_c0z10,2110.594558,204.7348803,2043.99201,153.8416932,1223.908746,26.67625294,900.7522638,178.0220113,24.13185428,4.848009001,23.20073284,3.378200059,1.476682205,0.15791631,5.215522079,0.532399195,5.499045705,0.268116069,59.06710843,8.59890938,0.009966747,0.022967328
6_Rachis,2_Line 667,4_4WAA,3_c0z10,2645.316309,222.8071825,3328.382325,35.86396712,2460.620095,215.2449061,262.7650232,23.882136,14.92489795,1.850894552,34.40908989,2.165143822,2.717879298,0.278140463,4.468177954,0.133679126,4.099637996,0.296499864,61.05977526,5.623648679,0.139173591,0.026499966
6_Rachis,3_Line 428,4_4WAA,3_c0z10,1996.700928,257.8739219,2698.652748,260.8020855,2281.664552,194.4197002,238.7809195,33.56040049,12.985046,2.14310999,29.27766468,2.708818422,2.66310638,0.3415996,4.813654024,0.027975,7.411541073,0.183706257,78.42484666,8.078975327,0.070600129,0.007775558
6_Rachis,1_Line 546,2_Anthesis,4_c1z10,1432.587807,77.19841527,2562.326708,207.5353005,1245.476114,81.48237828,243.0131952,48.58785434,6.340290395,0.656684854,14.97660138,2.701388851,1.674112569,0.34785955,8.822833202,2.500581207,4.328482731,1.193276331,28.98297163,4.599111132,1.489630004,0.739027783
6_Rachis,2_Line 667,2_Anthesis,4_c1z10,1816.16415,223.0819194,2661.358986,74.51535261,1287.570385,85.47601021,224.0225043,10.57334695,6.431870868,0.371950479,21.32913249,1.134675968,5.129455414,1.033720067,1.09973253,0.122034585,7.253854318,0.766222061,49.8651216,2.607516304,0.280279583,0.046977721
6_Rachis,3_Line 428,2_Anthesis,4_c1z10,1610.884174,100.5480121,3025.574758,115.2791479,1640.365642,64.29472873,379.7607372,67.27503818,10.98880896,0.859946574,18.64681799,1.885023822,8.11877494,1.503471243,1.191442217,0.217102605,8.329040107,0.640824984,64.86822762,4.552829931,2.392104659,0.28216292
6_Rachis,1_Line 546,3_2WAA,4_c1z10,1636.236318,206.2113792,2475.05139,93.94101689,1474.693053,81.58270215,416.4553774,9.639002263,9.276859956,0.870158921,8.651165175,1.312808373,4.076973842,1.094370094,7.892365155,1.506795246,4.81316103,0.600510021,34.34732266,3.960010419,1.863853756,0.62646327
6_Rachis,2_Line 667,3_2WAA,4_c1z10,1927.759031,138.2379566,1318.191796,41.84470971,1565.347114,95.14110197,770.7420844,74.38400818,8.999280002,0.34552365,26.98383554,2.855957762,1.865933155,0.338052586,6.220731568,0.218612741,6.562892121,0.424521939,56.45629891,1.647193294,0.981057589,0.083041347
6_Rachis,3_Line 428,3_2WAA,4_c1z10,2666.662955,253.4713792,3461.619987,315.5192986,2160.851239,123.1669845,1031.796372,183.8192926,11.4593335,0.852912209,18.57914431,1.640154635,2.021507387,0.245020485,2.945422328,0.454938948,8.871789588,0.679751554,111.7890372,13.76478188,1.453484337,0.238198655
6_Rachis,1_Line 546,4_4WAA,4_c1z10,1725.320529,231.382173,2535.217814,203.9622196,1677.653266,41.16441752,805.422983,121.4737127,10.42647015,1.030516528,38.34507996,7.628298892,2.555502164,0.15665819,4.463172375,0.816428665,6.505091532,0.163958152,35.48369091,2.058695269,1.064934415,0.306619058
6_Rachis,2_Line 667,4_4WAA,4_c1z10,2864.443485,412.1939707,2280.375145,220.9755788,2564.023992,193.137543,215.5714419,21.34320382,15.44488258,2.425542762,38.22606827,7.385026879,3.159703642,0.13814655,4.53264154,0.245474374,5.782301191,0.620301651,62.27449197,8.794206927,1.533441167,0.362804468
6_Rachis,3_Line 428,4_4WAA,4_c1z10,1692.095048,127.700385,3119.431029,302.8427897,2225.295858,93.56958505,217.5929469,30.27198299,12.6854195,1.548651573,27.9541217,1.836423135,3.005734238,0.006273477,5.060295997,0.085220706,9.402834493,0.374567113,71.28123587,2.370624876,4.205256381,0.605819895
7_Seed,1_Line 546,2_Anthesis,1_c0z2,1135.965695,60.60374949,2843.877766,184.1174759,3076.628708,254.8598812,128.5118238,12.89929958,4.643082,0.37052007,17.87390215,2.284916287,1.484747103,0.170793067,7.597051223,0.190570458,6.755843129,0.901535286,44.17276504,2.943997652,0.181621216,0.140226088
7_Seed,2_Line 667,2_Anthesis,1_c0z2,936.1018469,41.93138252,2418.196532,179.6628165,2024.818429,73.706145,89.36099894,7.489275652,10.3261894,0.786395116,22.08236547,1.968648013,1.356028072,0.019082302,8.259653276,0.198936817,5.787818229,0.625036195,38.61817984,3.287998173,0.020996292,0.002253426
7_Seed,3_Line 428,2_Anthesis,1_c0z2,1408.250848,85.34867337,3732.262803,338.0623125,3060.504942,271.7351067,105.531863,13.60772355,11.1503686,1.324812706,28.94999777,2.030251048,1.303269868,0.038924884,19.98665465,0.771196058,11.81905603,0.382583666,61.9969117,2.309529325,0.0267555,0.005453411
7_Seed,1_Line 546,3_2WAA,1_c0z2,1137.984845,126.9037428,2458.757797,438.7428987,3137.831273,1152.459735,285.8140685,193.5453744,7.283360155,3.244497565,13.48927001,1.64407604,3.583063912,0.202152014,9.454203761,0.969411866,6.560451406,0.825382389,47.45571374,3.250906839,-0.004961086,0.026021936
7_Seed,2_Line 667,3_2WAA,1_c0z2,1142.401279,43.92985917,3046.566786,300.6375352,2211.462097,92.43507393,91.26957701,9.286109402,9.6745565,1.048463787,17.0829879,2.703379464,1.397566606,0.011065657,7.59856866,0.653271838,6.348853331,0.489691774,33.16217421,2.929221043,0.034439865,0.004808062
7_Seed,3_Line 428,3_2WAA,1_c0z2,1324.607663,43.52135187,3675.851555,219.7967598,2995.744698,67.76600222,148.883729,38.725504,6.9179262,0.417204894,30.30197184,5.854722711,1.372071194,0.007680083,8.44250945,0.522896709,8.229164062,0.416846938,46.09576746,3.109277866,0.023629567,0.001887897
7_Seed,1_Line 546,4_4WAA,1_c0z2,1406.740178,120.8740745,2874.233646,190.0407196,1169.977492,25.57245787,1020.325493,82.96746704,24.31588691,2.455921675,21.46511698,5.071370048,1.563138707,0.168545736,1.705658643,0.62622495,7.361452935,0.846150595,48.79258148,2.826507356,0.063188404,0.058331027
7_Seed,2_Line 667,4_4WAA,1_c0z2,1558.535454,78.03143345,3977.06519,181.7576335,1739.376962,264.6498967,130.9002459,18.02545967,10.09258342,1.298958807,11.41065742,2.427032473,1.348080913,0.049841819,7.231504535,0.552572216,7.824650833,1.034872714,34.6254154,1.718563835,0.03225528,0.005585018
7_Seed,3_Line 428,4_4WAA,1_c0z2,1213.225223,59.47490337,3541.151148,165.9045134,2543.436829,228.1490398,131.3678757,14.89866234,10.721804,0.659664029,33.11196033,5.961531806,1.339181578,0.007391687,10.01490229,0.201508216,9.916336356,1.387563233,41.56753631,4.602516805,0.031892088,0.005124528
7_Seed,1_Line 546,2_Anthesis,2_c1z2,1017.555342,57.25946847,2681.452019,147.93848,2306.311568,273.7602039,94.90108266,9.184962564,6.176898667,0.555221035,11.73585699,2.107131991,1.418879778,0.15482537,7.64811144,0.96545847,5.001022869,0.517005473,38.67638922,2.851784777,0.246709934,0.024148808
7_Seed,2_Line 667,2_Anthesis,2_c1z2,1104.117402,46.8729691,2379.625576,106.6883082,2046.648545,80.85334319,104.758008,4.910665239,10.40761167,1.166654712,23.18312955,2.206296582,1.454101068,0.052924055,9.674892878,0.870050989,8.933637095,0.759552436,40.20752352,1.94026068,0.544206362,0.064695967
7_Seed,3_Line 428,2_Anthesis,2_c1z2,1217.292675,154.1619678,4097.065536,61.37347084,3528.643976,127.6738525,88.45153749,8.542530659,7.0531965,0.740444814,36.53221437,4.050981244,1.759399905,0.211578003,16.42902927,1.796464648,8.384053618,1.589991752,49.25243749,7.787865971,1.393323263,0.161290287
7_Seed,1_Line 546,3_2WAA,2_c1z2,1126.508235,121.0398555,2242.223759,181.0423334,2212.428596,100.5085078,103.0165299,13.46238083,7.232039,1.425904946,11.93940811,0.467146624,1.790575116,0.012590442,6.568445027,0.271013652,4.799216546,0.296819873,40.75412183,4.714115225,0.269739667,0.021422325
7_Seed,2_Line 667,3_2WAA,2_c1z2,1361.708907,86.82021794,3544.980458,280.1431165,2418.572869,136.4798179,125.3980821,16.74221012,11.5674825,0.9796963,23.79478382,1.707572359,2.012461032,0.144752281,11.38953143,2.384999337,7.613532709,0.914328611,31.93921962,1.364375084,0.898825077,0.163491012
7_Seed,3_Line 428,3_2WAA,2_c1z2,1611.022011,68.9985186,3381.334114,258.789118,2644.126676,315.6057515,175.9484523,43.69777173,16.41120235,2.403111684,34.36576244,6.560847196,1.355439778,0.011473903,11.91385603,1.007134684,9.751285633,0.990099232,53.5886751,2.993509662,0.919184998,0.343546062
7_Seed,1_Line 546,4_4WAA,2_c1z2,1151.041643,43.24412511,2588.660647,214.914285,2150.432897,175.4309946,131.9325803,13.54852696,6.174505695,0.612874646,15.66429135,1.995210588,2.309334884,0.496066203,10.29020031,1.374234226,5.703421191,0.694633899,40.29563328,2.00078075,0.299007068,0.047614857
7_Seed,2_Line 667,4_4WAA,2_c1z2,1318.312507,42.92983698,3406.663459,276.9482,2149.316036,224.2644149,85.18080077,8.838104492,9.690948885,0.67689452,19.07989836,2.07263073,1.653619732,0.103135641,8.504323343,0.622343346,9.796461051,0.583312847,31.52369518,2.180968413,1.091105413,0.100220695
7_Seed,3_Line 428,4_4WAA,2_c1z2,1701.084255,135.3531493,3850.040945,197.8435339,3510.973782,338.0110189,288.1442963,42.77787977,11.77142554,1.003456967,42.39168252,4.853653936,1.388201078,0.047257964,13.38866697,0.700383815,10.07446985,0.568975077,52.00745257,3.494650647,2.000056515,0.332461237
7_Seed,1_Line 546,2_Anthesis,3_c0z10,1149.485108,155.648013,1796.354023,91.78502277,1456.568569,175.3597719,584.5953016,127.9783172,17.3727264,9.077317939,13.01569376,1.237339164,2.400096841,0.275740042,3.556457671,0.866404421,4.44029159,0.695979863,55.48704806,9.874847964,0.003778725,0.023076435
7_Seed,2_Line 667,2_Anthesis,3_c0z10,1276.296601,50.37940416,2308.750891,203.516749,1585.535183,114.6472396,548.3371537,33.6084879,13.03035929,0.515372001,21.75876406,1.541117762,1.724779892,0.127059444,2.001600648,0.387166954,8.594677434,0.57185683,62.80326398,2.920347453,0.011221218,0.049735833
7_Seed,3_Line 428,2_Anthesis,3_c0z10,1732.790447,106.1441033,3581.160056,228.4924944,2427.133189,182.7885153,361.2025878,31.06077003,18.03446515,1.998900181,27.15948011,3.043964075,1.138441274,0.453268128,6.012792839,1.019544334,8.809608201,0.672988593,92.55271533,7.227953468,0.083840159,0.017491045
7_Seed,1_Line 546,3_2WAA,3_c0z10,1938.979383,364.7929518,3036.104679,458.2312184,1719.102124,34.38548494,1033.340455,171.3465827,19.72657227,6.663107711,17.24225054,3.466212408,1.608952657,0.54197497,7.590645359,3.436977852,5.66747031,0.132499524,67.42477454,9.473284674,0.032915958,0.033915819
7_Seed,2_Line 667,3_2WAA,3_c0z10,1518.581901,51.96002183,3526.255455,217.8015223,1608.58443,59.45044883,585.9572036,58.94532988,13.15978555,0.902783698,12.97026723,1.332384002,0.896851202,0.181454497,2.509234958,0.640657722,8.841956715,0.573255486,61.89273262,2.100227933,0.025081951,0.030955106
7_Seed,3_Line 428,3_2WAA,3_c0z10,1814.907436,87.81215607,3435.271892,68.28377975,2005.129626,120.8264191,1121.475889,172.3126937,17.32012974,1.657321532,18.6701667,2.172170656,1.238908105,0.223095331,2.738994988,0.978110995,8.911892036,0.389023856,69.88096076,5.430200458,0.110609282,0.022655207
7_Seed,1_Line 546,4_4WAA,3_c0z10,1347.745498,61.04230352,2438.853428,137.2842329,1390.04097,61.97151035,921.8119041,24.75679245,22.12690274,4.234791668,15.66894383,5.016807959,2.86748701,0.818914373,2.53056294,0.172311465,6.388010959,0.682838262,59.18539811,4.259062867,0.022625138,0.007264699
7_Seed,2_Line 667,4_4WAA,3_c0z10,1504.928839,60.98499738,3883.992058,225.465037,2392.188978,251.6339049,96.87605002,11.02628799,9.407424639,0.717425671,18.91282146,2.644733906,1.509058484,0.006030531,8.421457794,0.527733438,9.102000913,0.979426317,46.35453338,5.173397331,0.036761243,0.013246539
7_Seed,3_Line 428,4_4WAA,3_c0z10,1408.94689,36.21329894,2862.633637,179.6674065,2685.024573,103.3662737,137.9727226,22.79610884,11.5805308,1.802247265,21.93309954,1.729670392,1.50995989,0.005810605,11.28288407,0.648097289,7.691485972,0.438111555,56.86942383,4.759745407,0.029537429,0.015436025
7_Seed,1_Line 546,2_Anthesis,4_c1z10,1589.62557,457.1635812,2826.244166,404.1503061,1509.500803,107.7205211,535.3271342,121.7046072,7.914347278,1.275613366,20.14434169,5.573538981,0.294732097,0.098838907,3.834678122,1.829717258,5.848848216,1.397087317,48.2191138,2.397124272,0.727550856,0.21895736
7_Seed,2_Line 667,2_Anthesis,4_c1z10,1402.021009,44.9792927,2587.886856,62.24123166,1704.937619,37.23579615,455.2968084,19.5838887,12.32843421,0.399447767,23.98845479,0.88545672,0.410838193,0.069870981,2.980425798,0.435479028,7.964924746,0.526314436,72.69211899,3.346250656,0.343476848,0.035029203
7_Seed,3_Line 428,2_Anthesis,4_c1z10,1712.726999,51.47289321,3205.331458,199.6170736,2259.91974,97.75846193,479.3122577,86.86533126,11.08646176,0.760047419,23.08685698,1.16563555,0.269509685,0.081320093,5.725253825,0.86325881,10.59208303,0.666146144,84.46538725,2.918393155,2.698366415,0.272561808
7_Seed,1_Line 546,3_2WAA,4_c1z10,1366.229903,107.8260466,2629.591414,96.6899325,1951.497313,261.848155,685.4756579,95.62990269,9.466554755,1.333273877,12.79102299,3.750557201,2.180996337,0.816832726,2.637178026,0.530010306,5.928435655,0.665764856,53.53691806,3.860859423,1.56704442,0.324607059
7_Seed,2_Line 667,3_2WAA,4_c1z10,1442.416445,39.83067322,2684.847237,93.59269701,1486.318151,42.52472887,556.926931,50.36482831,11.21015141,0.686502581,10.62731067,0.739602452,0.659576774,0.383096109,3.821434447,1.459312537,8.314388462,0.787137221,55.57290212,2.044693108,1.09828894,0.174525415
7_Seed,3_Line 428,3_2WAA,4_c1z10,1861.596903,61.26298642,3385.00616,154.3622439,2101.437152,82.55527817,1083.37986,122.4459052,16.72789396,2.230926635,20.79469967,2.195064982,1.079749362,0.146762172,6.497234908,1.612196607,10.39246822,0.689816307,81.06495263,3.615154298,1.385566582,0.061323631
7_Seed,1_Line 546,4_4WAA,4_c1z10,1370.304857,54.51364614,2997.522015,126.5601374,2182.923422,205.4519051,1064.246943,105.2871259,13.14638214,1.426289048,7.890242683,3.002464831,1.834147449,0.709710771,2.487183566,0.321689404,6.57152379,0.370971856,65.62837105,2.458911458,1.302609086,0.136506239
7_Seed,2_Line 667,4_4WAA,4_c1z10,1474.619746,82.7905837,3383.001043,264.788149,2211.48199,140.697189,77.95272616,4.693318886,8.136609866,0.430340845,16.30572799,1.299582108,1.51715985,0.006197755,8.569880216,0.587183469,8.059119364,0.541808333,46.84091841,3.226210017,0.819034336,0.021551869
7_Seed,3_Line 428,4_4WAA,4_c1z10,1455.669909,62.67629502,2853.65348,100.3447486,2859.108325,132.7432267,146.8484757,20.34195686,13.6348148,2.502512238,25.89983801,3.028499253,1.528929396,0.007764126,14.17934407,1.475239946,9.756442131,0.269299793,64.93829391,5.998987144,4.042099194,0.348462498
